source,file,path,year,month,date
Landsat,landsat_monthly_1990_01.tif,GEE_exports_monthly_composites/landsat_monthly_1990_01.tif,1990,1,1990-01-01
Landsat,landsat_monthly_1990_02.tif,GEE_exports_monthly_composites/landsat_monthly_1990_02.tif,1990,2,1990-02-01
Landsat,landsat_monthly_1990_03.tif,GEE_exports_monthly_composites/landsat_monthly_1990_03.tif,1990,3,1990-03-01
Landsat,landsat_monthly_1990_04.tif,GEE_exports_monthly_composites/landsat_monthly_1990_04.tif,1990,4,1990-04-01
Landsat,landsat_monthly_1990_06.tif,GEE_exports_monthly_composites/landsat_monthly_1990_06.tif,1990,6,1990-06-01
Landsat,landsat_monthly_1990_07.tif,GEE_exports_monthly_composites/landsat_monthly_1990_07.tif,1990,7,1990-07-01
Landsat,landsat_monthly_1990_09.tif,GEE_exports_monthly_composites/landsat_monthly_1990_09.tif,1990,9,1990-09-01
Landsat,landsat_monthly_1990_10.tif,GEE_exports_monthly_composites/landsat_monthly_1990_10.tif,1990,10,1990-10-01
Landsat,landsat_monthly_1990_12.tif,GEE_exports_monthly_composites/landsat_monthly_1990_12.tif,1990,12,1990-12-01
Landsat,landsat_monthly_1991_01.tif,GEE_exports_monthly_composites/landsat_monthly_1991_01.tif,1991,1,1991-01-01
Landsat,landsat_monthly_1991_02.tif,GEE_exports_monthly_composites/landsat_monthly_1991_02.tif,1991,2,1991-02-01
Landsat,landsat_monthly_1991_03.tif,GEE_exports_monthly_composites/landsat_monthly_1991_03.tif,1991,3,1991-03-01
Landsat,landsat_monthly_1991_04.tif,GEE_exports_monthly_composites/landsat_monthly_1991_04.tif,1991,4,1991-04-01
Landsat,landsat_monthly_1991_05.tif,GEE_exports_monthly_composites/landsat_monthly_1991_05.tif,1991,5,1991-05-01
Landsat,landsat_monthly_1991_06.tif,GEE_exports_monthly_composites/landsat_monthly_1991_06.tif,1991,6,1991-06-01
Landsat,landsat_monthly_1991_07.tif,GEE_exports_monthly_composites/landsat_monthly_1991_07.tif,1991,7,1991-07-01
Landsat,landsat_monthly_1991_08.tif,GEE_exports_monthly_composites/landsat_monthly_1991_08.tif,1991,8,1991-08-01
Landsat,landsat_monthly_1991_09.tif,GEE_exports_monthly_composites/landsat_monthly_1991_09.tif,1991,9,1991-09-01
Landsat,landsat_monthly_1991_10.tif,GEE_exports_monthly_composites/landsat_monthly_1991_10.tif,1991,10,1991-10-01
Landsat,landsat_monthly_1991_12.tif,GEE_exports_monthly_composites/landsat_monthly_1991_12.tif,1991,12,1991-12-01
Landsat,landsat_monthly_1992_01.tif,GEE_exports_monthly_composites/landsat_monthly_1992_01.tif,1992,1,1992-01-01
Landsat,landsat_monthly_1992_03.tif,GEE_exports_monthly_composites/landsat_monthly_1992_03.tif,1992,3,1992-03-01
Landsat,landsat_monthly_1992_04.tif,GEE_exports_monthly_composites/landsat_monthly_1992_04.tif,1992,4,1992-04-01
Landsat,landsat_monthly_1992_05.tif,GEE_exports_monthly_composites/landsat_monthly_1992_05.tif,1992,5,1992-05-01
Landsat,landsat_monthly_1992_07.tif,GEE_exports_monthly_composites/landsat_monthly_1992_07.tif,1992,7,1992-07-01
Landsat,landsat_monthly_1992_09.tif,GEE_exports_monthly_composites/landsat_monthly_1992_09.tif,1992,9,1992-09-01
Landsat,landsat_monthly_1992_10.tif,GEE_exports_monthly_composites/landsat_monthly_1992_10.tif,1992,10,1992-10-01
Landsat,landsat_monthly_1992_11.tif,GEE_exports_monthly_composites/landsat_monthly_1992_11.tif,1992,11,1992-11-01
Landsat,landsat_monthly_1992_12.tif,GEE_exports_monthly_composites/landsat_monthly_1992_12.tif,1992,12,1992-12-01
Landsat,landsat_monthly_1993_01.tif,GEE_exports_monthly_composites/landsat_monthly_1993_01.tif,1993,1,1993-01-01
Landsat,landsat_monthly_1993_02.tif,GEE_exports_monthly_composites/landsat_monthly_1993_02.tif,1993,2,1993-02-01
Landsat,landsat_monthly_1993_04.tif,GEE_exports_monthly_composites/landsat_monthly_1993_04.tif,1993,4,1993-04-01
Landsat,landsat_monthly_1993_06.tif,GEE_exports_monthly_composites/landsat_monthly_1993_06.tif,1993,6,1993-06-01
Landsat,landsat_monthly_1993_07.tif,GEE_exports_monthly_composites/landsat_monthly_1993_07.tif,1993,7,1993-07-01
Landsat,landsat_monthly_1993_08.tif,GEE_exports_monthly_composites/landsat_monthly_1993_08.tif,1993,8,1993-08-01
Landsat,landsat_monthly_1993_09.tif,GEE_exports_monthly_composites/landsat_monthly_1993_09.tif,1993,9,1993-09-01
Landsat,landsat_monthly_1993_10.tif,GEE_exports_monthly_composites/landsat_monthly_1993_10.tif,1993,10,1993-10-01
Landsat,landsat_monthly_1993_11.tif,GEE_exports_monthly_composites/landsat_monthly_1993_11.tif,1993,11,1993-11-01
Landsat,landsat_monthly_1993_12.tif,GEE_exports_monthly_composites/landsat_monthly_1993_12.tif,1993,12,1993-12-01
Landsat,landsat_monthly_1994_01.tif,GEE_exports_monthly_composites/landsat_monthly_1994_01.tif,1994,1,1994-01-01
Landsat,landsat_monthly_1994_02.tif,GEE_exports_monthly_composites/landsat_monthly_1994_02.tif,1994,2,1994-02-01
Landsat,landsat_monthly_1994_04.tif,GEE_exports_monthly_composites/landsat_monthly_1994_04.tif,1994,4,1994-04-01
Landsat,landsat_monthly_1994_05.tif,GEE_exports_monthly_composites/landsat_monthly_1994_05.tif,1994,5,1994-05-01
Landsat,landsat_monthly_1994_06.tif,GEE_exports_monthly_composites/landsat_monthly_1994_06.tif,1994,6,1994-06-01
Landsat,landsat_monthly_1994_07.tif,GEE_exports_monthly_composites/landsat_monthly_1994_07.tif,1994,7,1994-07-01
Landsat,landsat_monthly_1994_10.tif,GEE_exports_monthly_composites/landsat_monthly_1994_10.tif,1994,10,1994-10-01
Landsat,landsat_monthly_1994_11.tif,GEE_exports_monthly_composites/landsat_monthly_1994_11.tif,1994,11,1994-11-01
Landsat,landsat_monthly_1994_12.tif,GEE_exports_monthly_composites/landsat_monthly_1994_12.tif,1994,12,1994-12-01
Landsat,landsat_monthly_1995_03.tif,GEE_exports_monthly_composites/landsat_monthly_1995_03.tif,1995,3,1995-03-01
Landsat,landsat_monthly_1995_04.tif,GEE_exports_monthly_composites/landsat_monthly_1995_04.tif,1995,4,1995-04-01
Landsat,landsat_monthly_1995_05.tif,GEE_exports_monthly_composites/landsat_monthly_1995_05.tif,1995,5,1995-05-01
Landsat,landsat_monthly_1995_06.tif,GEE_exports_monthly_composites/landsat_monthly_1995_06.tif,1995,6,1995-06-01
Landsat,landsat_monthly_1995_07.tif,GEE_exports_monthly_composites/landsat_monthly_1995_07.tif,1995,7,1995-07-01
Landsat,landsat_monthly_1995_08.tif,GEE_exports_monthly_composites/landsat_monthly_1995_08.tif,1995,8,1995-08-01
Landsat,landsat_monthly_1995_09.tif,GEE_exports_monthly_composites/landsat_monthly_1995_09.tif,1995,9,1995-09-01
Landsat,landsat_monthly_1995_10.tif,GEE_exports_monthly_composites/landsat_monthly_1995_10.tif,1995,10,1995-10-01
Landsat,landsat_monthly_1995_12.tif,GEE_exports_monthly_composites/landsat_monthly_1995_12.tif,1995,12,1995-12-01
Landsat,landsat_monthly_1996_01.tif,GEE_exports_monthly_composites/landsat_monthly_1996_01.tif,1996,1,1996-01-01
Landsat,landsat_monthly_1996_03.tif,GEE_exports_monthly_composites/landsat_monthly_1996_03.tif,1996,3,1996-03-01
Landsat,landsat_monthly_1996_04.tif,GEE_exports_monthly_composites/landsat_monthly_1996_04.tif,1996,4,1996-04-01
Landsat,landsat_monthly_1996_05.tif,GEE_exports_monthly_composites/landsat_monthly_1996_05.tif,1996,5,1996-05-01
Landsat,landsat_monthly_1996_06.tif,GEE_exports_monthly_composites/landsat_monthly_1996_06.tif,1996,6,1996-06-01
Landsat,landsat_monthly_1996_07.tif,GEE_exports_monthly_composites/landsat_monthly_1996_07.tif,1996,7,1996-07-01
Landsat,landsat_monthly_1996_08.tif,GEE_exports_monthly_composites/landsat_monthly_1996_08.tif,1996,8,1996-08-01
Landsat,landsat_monthly_1996_09.tif,GEE_exports_monthly_composites/landsat_monthly_1996_09.tif,1996,9,1996-09-01
Landsat,landsat_monthly_1996_10.tif,GEE_exports_monthly_composites/landsat_monthly_1996_10.tif,1996,10,1996-10-01
Landsat,landsat_monthly_1996_11.tif,GEE_exports_monthly_composites/landsat_monthly_1996_11.tif,1996,11,1996-11-01
Landsat,landsat_monthly_1996_12.tif,GEE_exports_monthly_composites/landsat_monthly_1996_12.tif,1996,12,1996-12-01
Landsat,landsat_monthly_1997_01.tif,GEE_exports_monthly_composites/landsat_monthly_1997_01.tif,1997,1,1997-01-01
Landsat,landsat_monthly_1997_02.tif,GEE_exports_monthly_composites/landsat_monthly_1997_02.tif,1997,2,1997-02-01
Landsat,landsat_monthly_1997_05.tif,GEE_exports_monthly_composites/landsat_monthly_1997_05.tif,1997,5,1997-05-01
Landsat,landsat_monthly_1997_06.tif,GEE_exports_monthly_composites/landsat_monthly_1997_06.tif,1997,6,1997-06-01
Landsat,landsat_monthly_1997_07.tif,GEE_exports_monthly_composites/landsat_monthly_1997_07.tif,1997,7,1997-07-01
Landsat,landsat_monthly_1997_08.tif,GEE_exports_monthly_composites/landsat_monthly_1997_08.tif,1997,8,1997-08-01
Landsat,landsat_monthly_1997_09.tif,GEE_exports_monthly_composites/landsat_monthly_1997_09.tif,1997,9,1997-09-01
Landsat,landsat_monthly_1997_10.tif,GEE_exports_monthly_composites/landsat_monthly_1997_10.tif,1997,10,1997-10-01
Landsat,landsat_monthly_1997_11.tif,GEE_exports_monthly_composites/landsat_monthly_1997_11.tif,1997,11,1997-11-01
Landsat,landsat_monthly_1998_07.tif,GEE_exports_monthly_composites/landsat_monthly_1998_07.tif,1998,7,1998-07-01
Landsat,landsat_monthly_1998_08.tif,GEE_exports_monthly_composites/landsat_monthly_1998_08.tif,1998,8,1998-08-01
Landsat,landsat_monthly_1998_09.tif,GEE_exports_monthly_composites/landsat_monthly_1998_09.tif,1998,9,1998-09-01
Landsat,landsat_monthly_1998_10.tif,GEE_exports_monthly_composites/landsat_monthly_1998_10.tif,1998,10,1998-10-01
Landsat,landsat_monthly_1998_11.tif,GEE_exports_monthly_composites/landsat_monthly_1998_11.tif,1998,11,1998-11-01
Landsat,landsat_monthly_1998_12.tif,GEE_exports_monthly_composites/landsat_monthly_1998_12.tif,1998,12,1998-12-01
Landsat,landsat_monthly_1999_01.tif,GEE_exports_monthly_composites/landsat_monthly_1999_01.tif,1999,1,1999-01-01
Landsat,landsat_monthly_1999_02.tif,GEE_exports_monthly_composites/landsat_monthly_1999_02.tif,1999,2,1999-02-01
Landsat,landsat_monthly_1999_03.tif,GEE_exports_monthly_composites/landsat_monthly_1999_03.tif,1999,3,1999-03-01
Landsat,landsat_monthly_1999_04.tif,GEE_exports_monthly_composites/landsat_monthly_1999_04.tif,1999,4,1999-04-01
Landsat,landsat_monthly_1999_05.tif,GEE_exports_monthly_composites/landsat_monthly_1999_05.tif,1999,5,1999-05-01
Landsat,landsat_monthly_1999_06.tif,GEE_exports_monthly_composites/landsat_monthly_1999_06.tif,1999,6,1999-06-01
Landsat,landsat_monthly_1999_07.tif,GEE_exports_monthly_composites/landsat_monthly_1999_07.tif,1999,7,1999-07-01
Landsat,landsat_monthly_1999_08.tif,GEE_exports_monthly_composites/landsat_monthly_1999_08.tif,1999,8,1999-08-01
Landsat,landsat_monthly_1999_09.tif,GEE_exports_monthly_composites/landsat_monthly_1999_09.tif,1999,9,1999-09-01
Landsat,landsat_monthly_1999_10.tif,GEE_exports_monthly_composites/landsat_monthly_1999_10.tif,1999,10,1999-10-01
Landsat,landsat_monthly_1999_11.tif,GEE_exports_monthly_composites/landsat_monthly_1999_11.tif,1999,11,1999-11-01
Landsat,landsat_monthly_1999_12.tif,GEE_exports_monthly_composites/landsat_monthly_1999_12.tif,1999,12,1999-12-01
Landsat,landsat_monthly_2000_01.tif,GEE_exports_monthly_composites/landsat_monthly_2000_01.tif,2000,1,2000-01-01
Landsat,landsat_monthly_2000_02.tif,GEE_exports_monthly_composites/landsat_monthly_2000_02.tif,2000,2,2000-02-01
Landsat,landsat_monthly_2000_03.tif,GEE_exports_monthly_composites/landsat_monthly_2000_03.tif,2000,3,2000-03-01
Landsat,landsat_monthly_2000_04.tif,GEE_exports_monthly_composites/landsat_monthly_2000_04.tif,2000,4,2000-04-01
Landsat,landsat_monthly_2000_06.tif,GEE_exports_monthly_composites/landsat_monthly_2000_06.tif,2000,6,2000-06-01
Landsat,landsat_monthly_2000_07.tif,GEE_exports_monthly_composites/landsat_monthly_2000_07.tif,2000,7,2000-07-01
Landsat,landsat_monthly_2000_08.tif,GEE_exports_monthly_composites/landsat_monthly_2000_08.tif,2000,8,2000-08-01
Landsat,landsat_monthly_2000_09.tif,GEE_exports_monthly_composites/landsat_monthly_2000_09.tif,2000,9,2000-09-01
Landsat,landsat_monthly_2000_10.tif,GEE_exports_monthly_composites/landsat_monthly_2000_10.tif,2000,10,2000-10-01
Landsat,landsat_monthly_2000_11.tif,GEE_exports_monthly_composites/landsat_monthly_2000_11.tif,2000,11,2000-11-01
Landsat,landsat_monthly_2000_12.tif,GEE_exports_monthly_composites/landsat_monthly_2000_12.tif,2000,12,2000-12-01
Landsat,landsat_monthly_2001_01.tif,GEE_exports_monthly_composites/landsat_monthly_2001_01.tif,2001,1,2001-01-01
Landsat,landsat_monthly_2001_02.tif,GEE_exports_monthly_composites/landsat_monthly_2001_02.tif,2001,2,2001-02-01
Landsat,landsat_monthly_2001_03.tif,GEE_exports_monthly_composites/landsat_monthly_2001_03.tif,2001,3,2001-03-01
Landsat,landsat_monthly_2001_04.tif,GEE_exports_monthly_composites/landsat_monthly_2001_04.tif,2001,4,2001-04-01
Landsat,landsat_monthly_2001_05.tif,GEE_exports_monthly_composites/landsat_monthly_2001_05.tif,2001,5,2001-05-01
Landsat,landsat_monthly_2001_06.tif,GEE_exports_monthly_composites/landsat_monthly_2001_06.tif,2001,6,2001-06-01
Landsat,landsat_monthly_2001_07.tif,GEE_exports_monthly_composites/landsat_monthly_2001_07.tif,2001,7,2001-07-01
Landsat,landsat_monthly_2001_08.tif,GEE_exports_monthly_composites/landsat_monthly_2001_08.tif,2001,8,2001-08-01
Landsat,landsat_monthly_2001_09.tif,GEE_exports_monthly_composites/landsat_monthly_2001_09.tif,2001,9,2001-09-01
Landsat,landsat_monthly_2001_10.tif,GEE_exports_monthly_composites/landsat_monthly_2001_10.tif,2001,10,2001-10-01
Landsat,landsat_monthly_2001_11.tif,GEE_exports_monthly_composites/landsat_monthly_2001_11.tif,2001,11,2001-11-01
Landsat,landsat_monthly_2001_12.tif,GEE_exports_monthly_composites/landsat_monthly_2001_12.tif,2001,12,2001-12-01
Landsat,landsat_monthly_2002_01.tif,GEE_exports_monthly_composites/landsat_monthly_2002_01.tif,2002,1,2002-01-01
Landsat,landsat_monthly_2002_02.tif,GEE_exports_monthly_composites/landsat_monthly_2002_02.tif,2002,2,2002-02-01
Landsat,landsat_monthly_2002_03.tif,GEE_exports_monthly_composites/landsat_monthly_2002_03.tif,2002,3,2002-03-01
Landsat,landsat_monthly_2002_04.tif,GEE_exports_monthly_composites/landsat_monthly_2002_04.tif,2002,4,2002-04-01
Landsat,landsat_monthly_2002_05.tif,GEE_exports_monthly_composites/landsat_monthly_2002_05.tif,2002,5,2002-05-01
Landsat,landsat_monthly_2002_06.tif,GEE_exports_monthly_composites/landsat_monthly_2002_06.tif,2002,6,2002-06-01
Landsat,landsat_monthly_2002_07.tif,GEE_exports_monthly_composites/landsat_monthly_2002_07.tif,2002,7,2002-07-01
Landsat,landsat_monthly_2002_08.tif,GEE_exports_monthly_composites/landsat_monthly_2002_08.tif,2002,8,2002-08-01
Landsat,landsat_monthly_2002_09.tif,GEE_exports_monthly_composites/landsat_monthly_2002_09.tif,2002,9,2002-09-01
Landsat,landsat_monthly_2002_10.tif,GEE_exports_monthly_composites/landsat_monthly_2002_10.tif,2002,10,2002-10-01
Landsat,landsat_monthly_2002_11.tif,GEE_exports_monthly_composites/landsat_monthly_2002_11.tif,2002,11,2002-11-01
Landsat,landsat_monthly_2002_12.tif,GEE_exports_monthly_composites/landsat_monthly_2002_12.tif,2002,12,2002-12-01
Landsat,landsat_monthly_2003_01.tif,GEE_exports_monthly_composites/landsat_monthly_2003_01.tif,2003,1,2003-01-01
Landsat,landsat_monthly_2003_02.tif,GEE_exports_monthly_composites/landsat_monthly_2003_02.tif,2003,2,2003-02-01
Landsat,landsat_monthly_2003_03.tif,GEE_exports_monthly_composites/landsat_monthly_2003_03.tif,2003,3,2003-03-01
Landsat,landsat_monthly_2003_04.tif,GEE_exports_monthly_composites/landsat_monthly_2003_04.tif,2003,4,2003-04-01
Landsat,landsat_monthly_2003_05.tif,GEE_exports_monthly_composites/landsat_monthly_2003_05.tif,2003,5,2003-05-01
Landsat,landsat_monthly_2003_07.tif,GEE_exports_monthly_composites/landsat_monthly_2003_07.tif,2003,7,2003-07-01
Landsat,landsat_monthly_2003_08.tif,GEE_exports_monthly_composites/landsat_monthly_2003_08.tif,2003,8,2003-08-01
Landsat,landsat_monthly_2003_09.tif,GEE_exports_monthly_composites/landsat_monthly_2003_09.tif,2003,9,2003-09-01
Landsat,landsat_monthly_2003_10.tif,GEE_exports_monthly_composites/landsat_monthly_2003_10.tif,2003,10,2003-10-01
Landsat,landsat_monthly_2003_11.tif,GEE_exports_monthly_composites/landsat_monthly_2003_11.tif,2003,11,2003-11-01
Landsat,landsat_monthly_2003_12.tif,GEE_exports_monthly_composites/landsat_monthly_2003_12.tif,2003,12,2003-12-01
Landsat,landsat_monthly_2004_01.tif,GEE_exports_monthly_composites/landsat_monthly_2004_01.tif,2004,1,2004-01-01
Landsat,landsat_monthly_2004_02.tif,GEE_exports_monthly_composites/landsat_monthly_2004_02.tif,2004,2,2004-02-01
Landsat,landsat_monthly_2004_03.tif,GEE_exports_monthly_composites/landsat_monthly_2004_03.tif,2004,3,2004-03-01
Landsat,landsat_monthly_2004_04.tif,GEE_exports_monthly_composites/landsat_monthly_2004_04.tif,2004,4,2004-04-01
Landsat,landsat_monthly_2004_05.tif,GEE_exports_monthly_composites/landsat_monthly_2004_05.tif,2004,5,2004-05-01
Landsat,landsat_monthly_2004_06.tif,GEE_exports_monthly_composites/landsat_monthly_2004_06.tif,2004,6,2004-06-01
Landsat,landsat_monthly_2004_07.tif,GEE_exports_monthly_composites/landsat_monthly_2004_07.tif,2004,7,2004-07-01
Landsat,landsat_monthly_2004_08.tif,GEE_exports_monthly_composites/landsat_monthly_2004_08.tif,2004,8,2004-08-01
Landsat,landsat_monthly_2004_09.tif,GEE_exports_monthly_composites/landsat_monthly_2004_09.tif,2004,9,2004-09-01
Landsat,landsat_monthly_2004_10.tif,GEE_exports_monthly_composites/landsat_monthly_2004_10.tif,2004,10,2004-10-01
Landsat,landsat_monthly_2004_11.tif,GEE_exports_monthly_composites/landsat_monthly_2004_11.tif,2004,11,2004-11-01
Landsat,landsat_monthly_2004_12.tif,GEE_exports_monthly_composites/landsat_monthly_2004_12.tif,2004,12,2004-12-01
Landsat,landsat_monthly_2005_01.tif,GEE_exports_monthly_composites/landsat_monthly_2005_01.tif,2005,1,2005-01-01
Landsat,landsat_monthly_2005_02.tif,GEE_exports_monthly_composites/landsat_monthly_2005_02.tif,2005,2,2005-02-01
Landsat,landsat_monthly_2005_03.tif,GEE_exports_monthly_composites/landsat_monthly_2005_03.tif,2005,3,2005-03-01
Landsat,landsat_monthly_2005_04.tif,GEE_exports_monthly_composites/landsat_monthly_2005_04.tif,2005,4,2005-04-01
Landsat,landsat_monthly_2005_05.tif,GEE_exports_monthly_composites/landsat_monthly_2005_05.tif,2005,5,2005-05-01
Landsat,landsat_monthly_2005_06.tif,GEE_exports_monthly_composites/landsat_monthly_2005_06.tif,2005,6,2005-06-01
Landsat,landsat_monthly_2005_07.tif,GEE_exports_monthly_composites/landsat_monthly_2005_07.tif,2005,7,2005-07-01
Landsat,landsat_monthly_2005_08.tif,GEE_exports_monthly_composites/landsat_monthly_2005_08.tif,2005,8,2005-08-01
Landsat,landsat_monthly_2005_09.tif,GEE_exports_monthly_composites/landsat_monthly_2005_09.tif,2005,9,2005-09-01
Landsat,landsat_monthly_2005_10.tif,GEE_exports_monthly_composites/landsat_monthly_2005_10.tif,2005,10,2005-10-01
Landsat,landsat_monthly_2005_11.tif,GEE_exports_monthly_composites/landsat_monthly_2005_11.tif,2005,11,2005-11-01
Landsat,landsat_monthly_2005_12.tif,GEE_exports_monthly_composites/landsat_monthly_2005_12.tif,2005,12,2005-12-01
Landsat,landsat_monthly_2006_01.tif,GEE_exports_monthly_composites/landsat_monthly_2006_01.tif,2006,1,2006-01-01
Landsat,landsat_monthly_2006_02.tif,GEE_exports_monthly_composites/landsat_monthly_2006_02.tif,2006,2,2006-02-01
Landsat,landsat_monthly_2006_03.tif,GEE_exports_monthly_composites/landsat_monthly_2006_03.tif,2006,3,2006-03-01
Landsat,landsat_monthly_2006_04.tif,GEE_exports_monthly_composites/landsat_monthly_2006_04.tif,2006,4,2006-04-01
Landsat,landsat_monthly_2006_05.tif,GEE_exports_monthly_composites/landsat_monthly_2006_05.tif,2006,5,2006-05-01
Landsat,landsat_monthly_2006_06.tif,GEE_exports_monthly_composites/landsat_monthly_2006_06.tif,2006,6,2006-06-01
Landsat,landsat_monthly_2006_07.tif,GEE_exports_monthly_composites/landsat_monthly_2006_07.tif,2006,7,2006-07-01
Landsat,landsat_monthly_2006_08.tif,GEE_exports_monthly_composites/landsat_monthly_2006_08.tif,2006,8,2006-08-01
Landsat,landsat_monthly_2006_09.tif,GEE_exports_monthly_composites/landsat_monthly_2006_09.tif,2006,9,2006-09-01
Landsat,landsat_monthly_2006_10.tif,GEE_exports_monthly_composites/landsat_monthly_2006_10.tif,2006,10,2006-10-01
Landsat,landsat_monthly_2006_11.tif,GEE_exports_monthly_composites/landsat_monthly_2006_11.tif,2006,11,2006-11-01
Landsat,landsat_monthly_2006_12.tif,GEE_exports_monthly_composites/landsat_monthly_2006_12.tif,2006,12,2006-12-01
Landsat,landsat_monthly_2007_01.tif,GEE_exports_monthly_composites/landsat_monthly_2007_01.tif,2007,1,2007-01-01
Landsat,landsat_monthly_2007_02.tif,GEE_exports_monthly_composites/landsat_monthly_2007_02.tif,2007,2,2007-02-01
Landsat,landsat_monthly_2007_03.tif,GEE_exports_monthly_composites/landsat_monthly_2007_03.tif,2007,3,2007-03-01
Landsat,landsat_monthly_2007_04.tif,GEE_exports_monthly_composites/landsat_monthly_2007_04.tif,2007,4,2007-04-01
Landsat,landsat_monthly_2007_05.tif,GEE_exports_monthly_composites/landsat_monthly_2007_05.tif,2007,5,2007-05-01
Landsat,landsat_monthly_2007_06.tif,GEE_exports_monthly_composites/landsat_monthly_2007_06.tif,2007,6,2007-06-01
Landsat,landsat_monthly_2007_07.tif,GEE_exports_monthly_composites/landsat_monthly_2007_07.tif,2007,7,2007-07-01
Landsat,landsat_monthly_2007_08.tif,GEE_exports_monthly_composites/landsat_monthly_2007_08.tif,2007,8,2007-08-01
Landsat,landsat_monthly_2007_09.tif,GEE_exports_monthly_composites/landsat_monthly_2007_09.tif,2007,9,2007-09-01
Landsat,landsat_monthly_2007_10.tif,GEE_exports_monthly_composites/landsat_monthly_2007_10.tif,2007,10,2007-10-01
Landsat,landsat_monthly_2007_11.tif,GEE_exports_monthly_composites/landsat_monthly_2007_11.tif,2007,11,2007-11-01
Landsat,landsat_monthly_2008_01.tif,GEE_exports_monthly_composites/landsat_monthly_2008_01.tif,2008,1,2008-01-01
Landsat,landsat_monthly_2008_02.tif,GEE_exports_monthly_composites/landsat_monthly_2008_02.tif,2008,2,2008-02-01
Landsat,landsat_monthly_2008_03.tif,GEE_exports_monthly_composites/landsat_monthly_2008_03.tif,2008,3,2008-03-01
Landsat,landsat_monthly_2008_04.tif,GEE_exports_monthly_composites/landsat_monthly_2008_04.tif,2008,4,2008-04-01
Landsat,landsat_monthly_2008_05.tif,GEE_exports_monthly_composites/landsat_monthly_2008_05.tif,2008,5,2008-05-01
Landsat,landsat_monthly_2008_06.tif,GEE_exports_monthly_composites/landsat_monthly_2008_06.tif,2008,6,2008-06-01
Landsat,landsat_monthly_2008_07.tif,GEE_exports_monthly_composites/landsat_monthly_2008_07.tif,2008,7,2008-07-01
Landsat,landsat_monthly_2008_08.tif,GEE_exports_monthly_composites/landsat_monthly_2008_08.tif,2008,8,2008-08-01
Landsat,landsat_monthly_2008_09.tif,GEE_exports_monthly_composites/landsat_monthly_2008_09.tif,2008,9,2008-09-01
Landsat,landsat_monthly_2008_10.tif,GEE_exports_monthly_composites/landsat_monthly_2008_10.tif,2008,10,2008-10-01
Landsat,landsat_monthly_2008_11.tif,GEE_exports_monthly_composites/landsat_monthly_2008_11.tif,2008,11,2008-11-01
Landsat,landsat_monthly_2008_12.tif,GEE_exports_monthly_composites/landsat_monthly_2008_12.tif,2008,12,2008-12-01
Landsat,landsat_monthly_2009_01.tif,GEE_exports_monthly_composites/landsat_monthly_2009_01.tif,2009,1,2009-01-01
Landsat,landsat_monthly_2009_02.tif,GEE_exports_monthly_composites/landsat_monthly_2009_02.tif,2009,2,2009-02-01
Landsat,landsat_monthly_2009_03.tif,GEE_exports_monthly_composites/landsat_monthly_2009_03.tif,2009,3,2009-03-01
Landsat,landsat_monthly_2009_04.tif,GEE_exports_monthly_composites/landsat_monthly_2009_04.tif,2009,4,2009-04-01
Landsat,landsat_monthly_2009_05.tif,GEE_exports_monthly_composites/landsat_monthly_2009_05.tif,2009,5,2009-05-01
Landsat,landsat_monthly_2009_06.tif,GEE_exports_monthly_composites/landsat_monthly_2009_06.tif,2009,6,2009-06-01
Landsat,landsat_monthly_2009_07.tif,GEE_exports_monthly_composites/landsat_monthly_2009_07.tif,2009,7,2009-07-01
Landsat,landsat_monthly_2009_08.tif,GEE_exports_monthly_composites/landsat_monthly_2009_08.tif,2009,8,2009-08-01
Landsat,landsat_monthly_2009_09.tif,GEE_exports_monthly_composites/landsat_monthly_2009_09.tif,2009,9,2009-09-01
Landsat,landsat_monthly_2009_10.tif,GEE_exports_monthly_composites/landsat_monthly_2009_10.tif,2009,10,2009-10-01
Landsat,landsat_monthly_2009_11.tif,GEE_exports_monthly_composites/landsat_monthly_2009_11.tif,2009,11,2009-11-01
Landsat,landsat_monthly_2009_12.tif,GEE_exports_monthly_composites/landsat_monthly_2009_12.tif,2009,12,2009-12-01
Landsat,landsat_monthly_2010_01.tif,GEE_exports_monthly_composites/landsat_monthly_2010_01.tif,2010,1,2010-01-01
Landsat,landsat_monthly_2010_02.tif,GEE_exports_monthly_composites/landsat_monthly_2010_02.tif,2010,2,2010-02-01
Landsat,landsat_monthly_2010_03.tif,GEE_exports_monthly_composites/landsat_monthly_2010_03.tif,2010,3,2010-03-01
Landsat,landsat_monthly_2010_04.tif,GEE_exports_monthly_composites/landsat_monthly_2010_04.tif,2010,4,2010-04-01
Landsat,landsat_monthly_2010_05.tif,GEE_exports_monthly_composites/landsat_monthly_2010_05.tif,2010,5,2010-05-01
Landsat,landsat_monthly_2010_06.tif,GEE_exports_monthly_composites/landsat_monthly_2010_06.tif,2010,6,2010-06-01
Landsat,landsat_monthly_2010_08.tif,GEE_exports_monthly_composites/landsat_monthly_2010_08.tif,2010,8,2010-08-01
Landsat,landsat_monthly_2010_09.tif,GEE_exports_monthly_composites/landsat_monthly_2010_09.tif,2010,9,2010-09-01
Landsat,landsat_monthly_2010_10.tif,GEE_exports_monthly_composites/landsat_monthly_2010_10.tif,2010,10,2010-10-01
Landsat,landsat_monthly_2010_12.tif,GEE_exports_monthly_composites/landsat_monthly_2010_12.tif,2010,12,2010-12-01
Landsat,landsat_monthly_2011_01.tif,GEE_exports_monthly_composites/landsat_monthly_2011_01.tif,2011,1,2011-01-01
Landsat,landsat_monthly_2011_02.tif,GEE_exports_monthly_composites/landsat_monthly_2011_02.tif,2011,2,2011-02-01
Landsat,landsat_monthly_2011_03.tif,GEE_exports_monthly_composites/landsat_monthly_2011_03.tif,2011,3,2011-03-01
Landsat,landsat_monthly_2011_04.tif,GEE_exports_monthly_composites/landsat_monthly_2011_04.tif,2011,4,2011-04-01
Landsat,landsat_monthly_2011_05.tif,GEE_exports_monthly_composites/landsat_monthly_2011_05.tif,2011,5,2011-05-01
Landsat,landsat_monthly_2011_06.tif,GEE_exports_monthly_composites/landsat_monthly_2011_06.tif,2011,6,2011-06-01
Landsat,landsat_monthly_2011_07.tif,GEE_exports_monthly_composites/landsat_monthly_2011_07.tif,2011,7,2011-07-01
Landsat,landsat_monthly_2011_08.tif,GEE_exports_monthly_composites/landsat_monthly_2011_08.tif,2011,8,2011-08-01
Landsat,landsat_monthly_2011_09.tif,GEE_exports_monthly_composites/landsat_monthly_2011_09.tif,2011,9,2011-09-01
Landsat,landsat_monthly_2011_10.tif,GEE_exports_monthly_composites/landsat_monthly_2011_10.tif,2011,10,2011-10-01
Landsat,landsat_monthly_2011_12.tif,GEE_exports_monthly_composites/landsat_monthly_2011_12.tif,2011,12,2011-12-01
Landsat,landsat_monthly_2012_01.tif,GEE_exports_monthly_composites/landsat_monthly_2012_01.tif,2012,1,2012-01-01
Landsat,landsat_monthly_2012_02.tif,GEE_exports_monthly_composites/landsat_monthly_2012_02.tif,2012,2,2012-02-01
Landsat,landsat_monthly_2012_03.tif,GEE_exports_monthly_composites/landsat_monthly_2012_03.tif,2012,3,2012-03-01
Landsat,landsat_monthly_2012_04.tif,GEE_exports_monthly_composites/landsat_monthly_2012_04.tif,2012,4,2012-04-01
Landsat,landsat_monthly_2012_05.tif,GEE_exports_monthly_composites/landsat_monthly_2012_05.tif,2012,5,2012-05-01
Landsat,landsat_monthly_2012_06.tif,GEE_exports_monthly_composites/landsat_monthly_2012_06.tif,2012,6,2012-06-01
Landsat,landsat_monthly_2012_07.tif,GEE_exports_monthly_composites/landsat_monthly_2012_07.tif,2012,7,2012-07-01
Landsat,landsat_monthly_2012_08.tif,GEE_exports_monthly_composites/landsat_monthly_2012_08.tif,2012,8,2012-08-01
Landsat,landsat_monthly_2012_09.tif,GEE_exports_monthly_composites/landsat_monthly_2012_09.tif,2012,9,2012-09-01
Landsat,landsat_monthly_2012_10.tif,GEE_exports_monthly_composites/landsat_monthly_2012_10.tif,2012,10,2012-10-01
Landsat,landsat_monthly_2012_11.tif,GEE_exports_monthly_composites/landsat_monthly_2012_11.tif,2012,11,2012-11-01
Landsat,landsat_monthly_2012_12.tif,GEE_exports_monthly_composites/landsat_monthly_2012_12.tif,2012,12,2012-12-01
Landsat,landsat_monthly_2013_01.tif,GEE_exports_monthly_composites/landsat_monthly_2013_01.tif,2013,1,2013-01-01
Landsat,landsat_monthly_2013_02.tif,GEE_exports_monthly_composites/landsat_monthly_2013_02.tif,2013,2,2013-02-01
Landsat,landsat_monthly_2013_03.tif,GEE_exports_monthly_composites/landsat_monthly_2013_03.tif,2013,3,2013-03-01
Landsat,landsat_monthly_2013_04.tif,GEE_exports_monthly_composites/landsat_monthly_2013_04.tif,2013,4,2013-04-01
Landsat,landsat_monthly_2013_05.tif,GEE_exports_monthly_composites/landsat_monthly_2013_05.tif,2013,5,2013-05-01
Landsat,landsat_monthly_2013_06.tif,GEE_exports_monthly_composites/landsat_monthly_2013_06.tif,2013,6,2013-06-01
Landsat,landsat_monthly_2013_07.tif,GEE_exports_monthly_composites/landsat_monthly_2013_07.tif,2013,7,2013-07-01
Landsat,landsat_monthly_2013_08.tif,GEE_exports_monthly_composites/landsat_monthly_2013_08.tif,2013,8,2013-08-01
Landsat,landsat_monthly_2013_09.tif,GEE_exports_monthly_composites/landsat_monthly_2013_09.tif,2013,9,2013-09-01
Landsat,landsat_monthly_2013_10.tif,GEE_exports_monthly_composites/landsat_monthly_2013_10.tif,2013,10,2013-10-01
Landsat,landsat_monthly_2013_11.tif,GEE_exports_monthly_composites/landsat_monthly_2013_11.tif,2013,11,2013-11-01
Landsat,landsat_monthly_2013_12.tif,GEE_exports_monthly_composites/landsat_monthly_2013_12.tif,2013,12,2013-12-01
Landsat,landsat_monthly_2014_01.tif,GEE_exports_monthly_composites/landsat_monthly_2014_01.tif,2014,1,2014-01-01
Landsat,landsat_monthly_2014_02.tif,GEE_exports_monthly_composites/landsat_monthly_2014_02.tif,2014,2,2014-02-01
Landsat,landsat_monthly_2014_03.tif,GEE_exports_monthly_composites/landsat_monthly_2014_03.tif,2014,3,2014-03-01
Landsat,landsat_monthly_2014_04.tif,GEE_exports_monthly_composites/landsat_monthly_2014_04.tif,2014,4,2014-04-01
Landsat,landsat_monthly_2014_05.tif,GEE_exports_monthly_composites/landsat_monthly_2014_05.tif,2014,5,2014-05-01
Landsat,landsat_monthly_2014_06.tif,GEE_exports_monthly_composites/landsat_monthly_2014_06.tif,2014,6,2014-06-01
Landsat,landsat_monthly_2014_07.tif,GEE_exports_monthly_composites/landsat_monthly_2014_07.tif,2014,7,2014-07-01
Landsat,landsat_monthly_2014_08.tif,GEE_exports_monthly_composites/landsat_monthly_2014_08.tif,2014,8,2014-08-01
Landsat,landsat_monthly_2014_09.tif,GEE_exports_monthly_composites/landsat_monthly_2014_09.tif,2014,9,2014-09-01
Landsat,landsat_monthly_2014_10.tif,GEE_exports_monthly_composites/landsat_monthly_2014_10.tif,2014,10,2014-10-01
Landsat,landsat_monthly_2014_11.tif,GEE_exports_monthly_composites/landsat_monthly_2014_11.tif,2014,11,2014-11-01
Landsat,landsat_monthly_2014_12.tif,GEE_exports_monthly_composites/landsat_monthly_2014_12.tif,2014,12,2014-12-01
Landsat,landsat_monthly_2015_01.tif,GEE_exports_monthly_composites/landsat_monthly_2015_01.tif,2015,1,2015-01-01
Landsat,landsat_monthly_2015_02.tif,GEE_exports_monthly_composites/landsat_monthly_2015_02.tif,2015,2,2015-02-01
Landsat,landsat_monthly_2015_03.tif,GEE_exports_monthly_composites/landsat_monthly_2015_03.tif,2015,3,2015-03-01
Landsat,landsat_monthly_2015_04.tif,GEE_exports_monthly_composites/landsat_monthly_2015_04.tif,2015,4,2015-04-01
Landsat,landsat_monthly_2015_05.tif,GEE_exports_monthly_composites/landsat_monthly_2015_05.tif,2015,5,2015-05-01
Landsat,landsat_monthly_2015_06.tif,GEE_exports_monthly_composites/landsat_monthly_2015_06.tif,2015,6,2015-06-01
Landsat,landsat_monthly_2015_07.tif,GEE_exports_monthly_composites/landsat_monthly_2015_07.tif,2015,7,2015-07-01
Landsat,landsat_monthly_2015_08.tif,GEE_exports_monthly_composites/landsat_monthly_2015_08.tif,2015,8,2015-08-01
Landsat,landsat_monthly_2015_09.tif,GEE_exports_monthly_composites/landsat_monthly_2015_09.tif,2015,9,2015-09-01
Landsat,landsat_monthly_2015_10.tif,GEE_exports_monthly_composites/landsat_monthly_2015_10.tif,2015,10,2015-10-01
Landsat,landsat_monthly_2015_11.tif,GEE_exports_monthly_composites/landsat_monthly_2015_11.tif,2015,11,2015-11-01
Landsat,landsat_monthly_2015_12.tif,GEE_exports_monthly_composites/landsat_monthly_2015_12.tif,2015,12,2015-12-01
Landsat,landsat_monthly_2016_01.tif,GEE_exports_monthly_composites/landsat_monthly_2016_01.tif,2016,1,2016-01-01
Landsat,landsat_monthly_2016_02.tif,GEE_exports_monthly_composites/landsat_monthly_2016_02.tif,2016,2,2016-02-01
Landsat,landsat_monthly_2016_03.tif,GEE_exports_monthly_composites/landsat_monthly_2016_03.tif,2016,3,2016-03-01
Landsat,landsat_monthly_2016_04.tif,GEE_exports_monthly_composites/landsat_monthly_2016_04.tif,2016,4,2016-04-01
Landsat,landsat_monthly_2016_05.tif,GEE_exports_monthly_composites/landsat_monthly_2016_05.tif,2016,5,2016-05-01
Landsat,landsat_monthly_2016_06.tif,GEE_exports_monthly_composites/landsat_monthly_2016_06.tif,2016,6,2016-06-01
Landsat,landsat_monthly_2016_07.tif,GEE_exports_monthly_composites/landsat_monthly_2016_07.tif,2016,7,2016-07-01
Landsat,landsat_monthly_2016_08.tif,GEE_exports_monthly_composites/landsat_monthly_2016_08.tif,2016,8,2016-08-01
Landsat,landsat_monthly_2016_09.tif,GEE_exports_monthly_composites/landsat_monthly_2016_09.tif,2016,9,2016-09-01
Landsat,landsat_monthly_2016_10.tif,GEE_exports_monthly_composites/landsat_monthly_2016_10.tif,2016,10,2016-10-01
Landsat,landsat_monthly_2016_11.tif,GEE_exports_monthly_composites/landsat_monthly_2016_11.tif,2016,11,2016-11-01
Landsat,landsat_monthly_2016_12.tif,GEE_exports_monthly_composites/landsat_monthly_2016_12.tif,2016,12,2016-12-01
Landsat,landsat_monthly_2017_01.tif,GEE_exports_monthly_composites/landsat_monthly_2017_01.tif,2017,1,2017-01-01
Landsat,landsat_monthly_2017_02.tif,GEE_exports_monthly_composites/landsat_monthly_2017_02.tif,2017,2,2017-02-01
Landsat,landsat_monthly_2017_03.tif,GEE_exports_monthly_composites/landsat_monthly_2017_03.tif,2017,3,2017-03-01
Landsat,landsat_monthly_2017_04.tif,GEE_exports_monthly_composites/landsat_monthly_2017_04.tif,2017,4,2017-04-01
Landsat,landsat_monthly_2017_05.tif,GEE_exports_monthly_composites/landsat_monthly_2017_05.tif,2017,5,2017-05-01
Landsat,landsat_monthly_2017_06.tif,GEE_exports_monthly_composites/landsat_monthly_2017_06.tif,2017,6,2017-06-01
Landsat,landsat_monthly_2017_07.tif,GEE_exports_monthly_composites/landsat_monthly_2017_07.tif,2017,7,2017-07-01
Landsat,landsat_monthly_2017_08.tif,GEE_exports_monthly_composites/landsat_monthly_2017_08.tif,2017,8,2017-08-01
Landsat,landsat_monthly_2017_09.tif,GEE_exports_monthly_composites/landsat_monthly_2017_09.tif,2017,9,2017-09-01
Landsat,landsat_monthly_2017_10.tif,GEE_exports_monthly_composites/landsat_monthly_2017_10.tif,2017,10,2017-10-01
Landsat,landsat_monthly_2017_11.tif,GEE_exports_monthly_composites/landsat_monthly_2017_11.tif,2017,11,2017-11-01
Landsat,landsat_monthly_2017_12.tif,GEE_exports_monthly_composites/landsat_monthly_2017_12.tif,2017,12,2017-12-01
Landsat,landsat_monthly_2018_01.tif,GEE_exports_monthly_composites/landsat_monthly_2018_01.tif,2018,1,2018-01-01
Landsat,landsat_monthly_2018_02.tif,GEE_exports_monthly_composites/landsat_monthly_2018_02.tif,2018,2,2018-02-01
Landsat,landsat_monthly_2018_03.tif,GEE_exports_monthly_composites/landsat_monthly_2018_03.tif,2018,3,2018-03-01
Landsat,landsat_monthly_2018_04.tif,GEE_exports_monthly_composites/landsat_monthly_2018_04.tif,2018,4,2018-04-01
Landsat,landsat_monthly_2018_05.tif,GEE_exports_monthly_composites/landsat_monthly_2018_05.tif,2018,5,2018-05-01
Landsat,landsat_monthly_2018_06.tif,GEE_exports_monthly_composites/landsat_monthly_2018_06.tif,2018,6,2018-06-01
Landsat,landsat_monthly_2018_07.tif,GEE_exports_monthly_composites/landsat_monthly_2018_07.tif,2018,7,2018-07-01
Landsat,landsat_monthly_2018_08.tif,GEE_exports_monthly_composites/landsat_monthly_2018_08.tif,2018,8,2018-08-01
Landsat,landsat_monthly_2018_09.tif,GEE_exports_monthly_composites/landsat_monthly_2018_09.tif,2018,9,2018-09-01
Landsat,landsat_monthly_2018_10.tif,GEE_exports_monthly_composites/landsat_monthly_2018_10.tif,2018,10,2018-10-01
Landsat,landsat_monthly_2018_11.tif,GEE_exports_monthly_composites/landsat_monthly_2018_11.tif,2018,11,2018-11-01
Landsat,landsat_monthly_2018_12.tif,GEE_exports_monthly_composites/landsat_monthly_2018_12.tif,2018,12,2018-12-01
Landsat,landsat_monthly_2019_01.tif,GEE_exports_monthly_composites/landsat_monthly_2019_01.tif,2019,1,2019-01-01
Landsat,landsat_monthly_2019_02.tif,GEE_exports_monthly_composites/landsat_monthly_2019_02.tif,2019,2,2019-02-01
Landsat,landsat_monthly_2019_03.tif,GEE_exports_monthly_composites/landsat_monthly_2019_03.tif,2019,3,2019-03-01
Landsat,landsat_monthly_2019_04.tif,GEE_exports_monthly_composites/landsat_monthly_2019_04.tif,2019,4,2019-04-01
Landsat,landsat_monthly_2019_05.tif,GEE_exports_monthly_composites/landsat_monthly_2019_05.tif,2019,5,2019-05-01
Landsat,landsat_monthly_2019_06.tif,GEE_exports_monthly_composites/landsat_monthly_2019_06.tif,2019,6,2019-06-01
Landsat,landsat_monthly_2019_07.tif,GEE_exports_monthly_composites/landsat_monthly_2019_07.tif,2019,7,2019-07-01
Landsat,landsat_monthly_2019_08.tif,GEE_exports_monthly_composites/landsat_monthly_2019_08.tif,2019,8,2019-08-01
Landsat,landsat_monthly_2019_09.tif,GEE_exports_monthly_composites/landsat_monthly_2019_09.tif,2019,9,2019-09-01
Landsat,landsat_monthly_2019_10.tif,GEE_exports_monthly_composites/landsat_monthly_2019_10.tif,2019,10,2019-10-01
Landsat,landsat_monthly_2019_11.tif,GEE_exports_monthly_composites/landsat_monthly_2019_11.tif,2019,11,2019-11-01
Landsat,landsat_monthly_2019_12.tif,GEE_exports_monthly_composites/landsat_monthly_2019_12.tif,2019,12,2019-12-01
Landsat,landsat_monthly_2020_01.tif,GEE_exports_monthly_composites/landsat_monthly_2020_01.tif,2020,1,2020-01-01
Landsat,landsat_monthly_2020_02.tif,GEE_exports_monthly_composites/landsat_monthly_2020_02.tif,2020,2,2020-02-01
Landsat,landsat_monthly_2020_03.tif,GEE_exports_monthly_composites/landsat_monthly_2020_03.tif,2020,3,2020-03-01
Landsat,landsat_monthly_2020_04.tif,GEE_exports_monthly_composites/landsat_monthly_2020_04.tif,2020,4,2020-04-01
Landsat,landsat_monthly_2020_05.tif,GEE_exports_monthly_composites/landsat_monthly_2020_05.tif,2020,5,2020-05-01
Landsat,landsat_monthly_2020_06.tif,GEE_exports_monthly_composites/landsat_monthly_2020_06.tif,2020,6,2020-06-01
Landsat,landsat_monthly_2020_07.tif,GEE_exports_monthly_composites/landsat_monthly_2020_07.tif,2020,7,2020-07-01
Landsat,landsat_monthly_2020_08.tif,GEE_exports_monthly_composites/landsat_monthly_2020_08.tif,2020,8,2020-08-01
Landsat,landsat_monthly_2020_09.tif,GEE_exports_monthly_composites/landsat_monthly_2020_09.tif,2020,9,2020-09-01
Landsat,landsat_monthly_2020_10.tif,GEE_exports_monthly_composites/landsat_monthly_2020_10.tif,2020,10,2020-10-01
Landsat,landsat_monthly_2020_11.tif,GEE_exports_monthly_composites/landsat_monthly_2020_11.tif,2020,11,2020-11-01
Landsat,landsat_monthly_2020_12.tif,GEE_exports_monthly_composites/landsat_monthly_2020_12.tif,2020,12,2020-12-01
Landsat,landsat_monthly_2021_01.tif,GEE_exports_monthly_composites/landsat_monthly_2021_01.tif,2021,1,2021-01-01
Landsat,landsat_monthly_2021_02.tif,GEE_exports_monthly_composites/landsat_monthly_2021_02.tif,2021,2,2021-02-01
Landsat,landsat_monthly_2021_03.tif,GEE_exports_monthly_composites/landsat_monthly_2021_03.tif,2021,3,2021-03-01
Landsat,landsat_monthly_2021_04.tif,GEE_exports_monthly_composites/landsat_monthly_2021_04.tif,2021,4,2021-04-01
Landsat,landsat_monthly_2021_05.tif,GEE_exports_monthly_composites/landsat_monthly_2021_05.tif,2021,5,2021-05-01
Landsat,landsat_monthly_2021_06.tif,GEE_exports_monthly_composites/landsat_monthly_2021_06.tif,2021,6,2021-06-01
Landsat,landsat_monthly_2021_07.tif,GEE_exports_monthly_composites/landsat_monthly_2021_07.tif,2021,7,2021-07-01
Landsat,landsat_monthly_2021_08.tif,GEE_exports_monthly_composites/landsat_monthly_2021_08.tif,2021,8,2021-08-01
Landsat,landsat_monthly_2021_09.tif,GEE_exports_monthly_composites/landsat_monthly_2021_09.tif,2021,9,2021-09-01
Landsat,landsat_monthly_2021_10.tif,GEE_exports_monthly_composites/landsat_monthly_2021_10.tif,2021,10,2021-10-01
Landsat,landsat_monthly_2021_11.tif,GEE_exports_monthly_composites/landsat_monthly_2021_11.tif,2021,11,2021-11-01
Landsat,landsat_monthly_2021_12.tif,GEE_exports_monthly_composites/landsat_monthly_2021_12.tif,2021,12,2021-12-01
Landsat,landsat_monthly_2022_01.tif,GEE_exports_monthly_composites/landsat_monthly_2022_01.tif,2022,1,2022-01-01
Landsat,landsat_monthly_2022_02.tif,GEE_exports_monthly_composites/landsat_monthly_2022_02.tif,2022,2,2022-02-01
Landsat,landsat_monthly_2022_03.tif,GEE_exports_monthly_composites/landsat_monthly_2022_03.tif,2022,3,2022-03-01
Landsat,landsat_monthly_2022_04.tif,GEE_exports_monthly_composites/landsat_monthly_2022_04.tif,2022,4,2022-04-01
Landsat,landsat_monthly_2022_05.tif,GEE_exports_monthly_composites/landsat_monthly_2022_05.tif,2022,5,2022-05-01
Landsat,landsat_monthly_2022_06.tif,GEE_exports_monthly_composites/landsat_monthly_2022_06.tif,2022,6,2022-06-01
Landsat,landsat_monthly_2022_07.tif,GEE_exports_monthly_composites/landsat_monthly_2022_07.tif,2022,7,2022-07-01
Landsat,landsat_monthly_2022_08.tif,GEE_exports_monthly_composites/landsat_monthly_2022_08.tif,2022,8,2022-08-01
Landsat,landsat_monthly_2022_09.tif,GEE_exports_monthly_composites/landsat_monthly_2022_09.tif,2022,9,2022-09-01
Landsat,landsat_monthly_2022_10.tif,GEE_exports_monthly_composites/landsat_monthly_2022_10.tif,2022,10,2022-10-01
Landsat,landsat_monthly_2022_11.tif,GEE_exports_monthly_composites/landsat_monthly_2022_11.tif,2022,11,2022-11-01
Landsat,landsat_monthly_2022_12.tif,GEE_exports_monthly_composites/landsat_monthly_2022_12.tif,2022,12,2022-12-01
Landsat,landsat_monthly_2023_01.tif,GEE_exports_monthly_composites/landsat_monthly_2023_01.tif,2023,1,2023-01-01
Landsat,landsat_monthly_2023_02.tif,GEE_exports_monthly_composites/landsat_monthly_2023_02.tif,2023,2,2023-02-01
Landsat,landsat_monthly_2023_03.tif,GEE_exports_monthly_composites/landsat_monthly_2023_03.tif,2023,3,2023-03-01
Landsat,landsat_monthly_2023_04.tif,GEE_exports_monthly_composites/landsat_monthly_2023_04.tif,2023,4,2023-04-01
Landsat,landsat_monthly_2023_05.tif,GEE_exports_monthly_composites/landsat_monthly_2023_05.tif,2023,5,2023-05-01
Landsat,landsat_monthly_2023_06.tif,GEE_exports_monthly_composites/landsat_monthly_2023_06.tif,2023,6,2023-06-01
Landsat,landsat_monthly_2023_07.tif,GEE_exports_monthly_composites/landsat_monthly_2023_07.tif,2023,7,2023-07-01
Landsat,landsat_monthly_2023_08.tif,GEE_exports_monthly_composites/landsat_monthly_2023_08.tif,2023,8,2023-08-01
Landsat,landsat_monthly_2023_09.tif,GEE_exports_monthly_composites/landsat_monthly_2023_09.tif,2023,9,2023-09-01
Landsat,landsat_monthly_2023_10.tif,GEE_exports_monthly_composites/landsat_monthly_2023_10.tif,2023,10,2023-10-01
Landsat,landsat_monthly_2023_11.tif,GEE_exports_monthly_composites/landsat_monthly_2023_11.tif,2023,11,2023-11-01
Landsat,landsat_monthly_2023_12.tif,GEE_exports_monthly_composites/landsat_monthly_2023_12.tif,2023,12,2023-12-01
Landsat,landsat_monthly_2024_01.tif,GEE_exports_monthly_composites/landsat_monthly_2024_01.tif,2024,1,2024-01-01
Landsat,landsat_monthly_2024_02.tif,GEE_exports_monthly_composites/landsat_monthly_2024_02.tif,2024,2,2024-02-01
Landsat,landsat_monthly_2024_03.tif,GEE_exports_monthly_composites/landsat_monthly_2024_03.tif,2024,3,2024-03-01
Landsat,landsat_monthly_2024_04.tif,GEE_exports_monthly_composites/landsat_monthly_2024_04.tif,2024,4,2024-04-01
Landsat,landsat_monthly_2024_05.tif,GEE_exports_monthly_composites/landsat_monthly_2024_05.tif,2024,5,2024-05-01
Landsat,landsat_monthly_2024_06.tif,GEE_exports_monthly_composites/landsat_monthly_2024_06.tif,2024,6,2024-06-01
Landsat,landsat_monthly_2024_07.tif,GEE_exports_monthly_composites/landsat_monthly_2024_07.tif,2024,7,2024-07-01
Landsat,landsat_monthly_2024_08.tif,GEE_exports_monthly_composites/landsat_monthly_2024_08.tif,2024,8,2024-08-01
Landsat,landsat_monthly_2024_09.tif,GEE_exports_monthly_composites/landsat_monthly_2024_09.tif,2024,9,2024-09-01
Landsat,landsat_monthly_2024_10.tif,GEE_exports_monthly_composites/landsat_monthly_2024_10.tif,2024,10,2024-10-01
Landsat,landsat_monthly_2024_11.tif,GEE_exports_monthly_composites/landsat_monthly_2024_11.tif,2024,11,2024-11-01
Landsat,landsat_monthly_2024_12.tif,GEE_exports_monthly_composites/landsat_monthly_2024_12.tif,2024,12,2024-12-01
Landsat,landsat_monthly_2025_01.tif,GEE_exports_monthly_composites/landsat_monthly_2025_01.tif,2025,1,2025-01-01
Landsat,landsat_monthly_2025_02.tif,GEE_exports_monthly_composites/landsat_monthly_2025_02.tif,2025,2,2025-02-01
Landsat,landsat_monthly_2025_03.tif,GEE_exports_monthly_composites/landsat_monthly_2025_03.tif,2025,3,2025-03-01
Landsat,landsat_monthly_2025_04.tif,GEE_exports_monthly_composites/landsat_monthly_2025_04.tif,2025,4,2025-04-01
Landsat,landsat_monthly_2025_05.tif,GEE_exports_monthly_composites/landsat_monthly_2025_05.tif,2025,5,2025-05-01
Landsat,landsat_monthly_2025_06.tif,GEE_exports_monthly_composites/landsat_monthly_2025_06.tif,2025,6,2025-06-01
Landsat,landsat_monthly_2025_07.tif,GEE_exports_monthly_composites/landsat_monthly_2025_07.tif,2025,7,2025-07-01
Landsat,landsat_monthly_2025_08.tif,GEE_exports_monthly_composites/landsat_monthly_2025_08.tif,2025,8,2025-08-01
Landsat,landsat_monthly_2025_09.tif,GEE_exports_monthly_composites/landsat_monthly_2025_09.tif,2025,9,2025-09-01
Landsat,landsat_monthly_2025_10.tif,GEE_exports_monthly_composites/landsat_monthly_2025_10.tif,2025,10,2025-10-01
Landsat,landsat_monthly_2025_11.tif,GEE_exports_monthly_composites/landsat_monthly_2025_11.tif,2025,11,2025-11-01
Landsat,landsat_monthly_2025_12.tif,GEE_exports_monthly_composites/landsat_monthly_2025_12.tif,2025,12,2025-12-01
Landsat,landsat_monthly_2026_01.tif,GEE_exports_monthly_composites/landsat_monthly_2026_01.tif,2026,1,2026-01-01
Landsat,landsat_monthly_2026_02.tif,GEE_exports_monthly_composites/landsat_monthly_2026_02.tif,2026,2,2026-02-01
Landsat,landsat_monthly_2026_03.tif,GEE_exports_monthly_composites/landsat_monthly_2026_03.tif,2026,3,2026-03-01
Landsat,landsat_monthly_2026_04.tif,GEE_exports_monthly_composites/landsat_monthly_2026_04.tif,2026,4,2026-04-01
Landsat,landsat_monthly_2026_05.tif,GEE_exports_monthly_composites/landsat_monthly_2026_05.tif,2026,5,2026-05-01
