file,path,year,month,date,valid_pixels,valid_pct,mean_ndvi,median_ndvi,ndvi_green_pixels,ndvi_green_pct,width,height,bands,crs,pixel_area_m2
landsat_monthly_1990_01.tif,GEE_exports_monthly_composites/landsat_monthly_1990_01.tif,1990,1,1990-01-01,10690,57.380568974771876,0.7165178656578064,0.7551977634429932,10074,94.2376052385407,138,135,7,EPSG:4326,868.4531804742396
landsat_monthly_1990_03.tif,GEE_exports_monthly_composites/landsat_monthly_1990_03.tif,1990,3,1990-03-01,13674,73.39774557165862,0.7045302987098694,0.7299411296844482,13076,95.62673687289747,138,135,7,EPSG:4326,868.4531804742396
landsat_monthly_1990_04.tif,GEE_exports_monthly_composites/landsat_monthly_1990_04.tif,1990,4,1990-04-01,10744,57.67042404723565,0.6647332310676575,0.6863769292831421,9857,91.74422933730455,138,135,7,EPSG:4326,868.4531804742396
landsat_monthly_1990_07.tif,GEE_exports_monthly_composites/landsat_monthly_1990_07.tif,1990,7,1990-07-01,36,0.1932367149758454,0.5566725134849548,0.5630706548690796,27,75.0,138,135,7,EPSG:4326,868.4531804742396
landsat_monthly_1990_10.tif,GEE_exports_monthly_composites/landsat_monthly_1990_10.tif,1990,10,1990-10-01,481,2.581857219538379,0.44934985041618347,0.42436352372169495,178,37.00623700623701,138,135,7,EPSG:4326,868.4531804742396
landsat_monthly_1991_01.tif,GEE_exports_monthly_composites/landsat_monthly_1991_01.tif,1991,1,1991-01-01,18287,98.15888352120237,0.7344685792922974,0.7616579532623291,17836,97.53376715699677,138,135,7,EPSG:4326,868.4531804742396
landsat_monthly_1991_02.tif,GEE_exports_monthly_composites/landsat_monthly_1991_02.tif,1991,2,1991-02-01,10427,55.96886741814278,0.5653612613677979,0.5648037195205688,6825,65.45506857197661,138,135,7,EPSG:4326,868.4531804742396
landsat_monthly_1991_03.tif,GEE_exports_monthly_composites/landsat_monthly_1991_03.tif,1991,3,1991-03-01,73,0.39184111647879766,0.5413529276847839,0.5667026042938232,52,71.23287671232876,138,135,7,EPSG:4326,868.4531804742396
landsat_monthly_1991_04.tif,GEE_exports_monthly_composites/landsat_monthly_1991_04.tif,1991,4,1991-04-01,14952,80.25764895330113,0.6316699385643005,0.6517252922058105,12794,85.56714820759764,138,135,7,EPSG:4326,868.4531804742396
landsat_monthly_1991_06.tif,GEE_exports_monthly_composites/landsat_monthly_1991_06.tif,1991,6,1991-06-01,323,1.7337627482555018,0.7032145857810974,0.7057399153709412,323,100.0,138,135,7,EPSG:4326,868.4531804742396
landsat_monthly_1991_07.tif,GEE_exports_monthly_composites/landsat_monthly_1991_07.tif,1991,7,1991-07-01,15265,81.93773483628556,0.5404623746871948,0.5474351644515991,11788,77.22240419259745,138,135,7,EPSG:4326,868.4531804742396
landsat_monthly_1991_10.tif,GEE_exports_monthly_composites/landsat_monthly_1991_10.tif,1991,10,1991-10-01,13509,72.512077294686,0.3296652138233185,0.31581878662109375,543,4.019542527204086,138,135,7,EPSG:4326,868.4531804742396
landsat_monthly_1991_12.tif,GEE_exports_monthly_composites/landsat_monthly_1991_12.tif,1991,12,1991-12-01,18630,100.0,0.7228453755378723,0.7456997036933899,18404,98.78690284487386,138,135,7,EPSG:4326,868.4531804742396
landsat_monthly_1992_03.tif,GEE_exports_monthly_composites/landsat_monthly_1992_03.tif,1992,3,1992-03-01,7312,39.24852388620504,0.15247678756713867,0.14195334911346436,7,0.09573304157549234,138,135,7,EPSG:4326,868.4531804742396
landsat_monthly_1992_04.tif,GEE_exports_monthly_composites/landsat_monthly_1992_04.tif,1992,4,1992-04-01,498,2.6731078904991947,0.5528622269630432,0.5614007711410522,389,78.1124497991968,138,135,7,EPSG:4326,868.4531804742396
landsat_monthly_1992_05.tif,GEE_exports_monthly_composites/landsat_monthly_1992_05.tif,1992,5,1992-05-01,7054,37.86366076221149,0.5979212522506714,0.6096958518028259,5940,84.20754182024383,138,135,7,EPSG:4326,868.4531804742396
landsat_monthly_1992_07.tif,GEE_exports_monthly_composites/landsat_monthly_1992_07.tif,1992,7,1992-07-01,2053,11.019860440150294,0.5133066773414612,0.514405369758606,1194,58.15879201169021,138,135,7,EPSG:4326,868.4531804742396
landsat_monthly_1992_09.tif,GEE_exports_monthly_composites/landsat_monthly_1992_09.tif,1992,9,1992-09-01,3295,17.686527106816964,0.3896661400794983,0.38209861516952515,404,12.261001517450683,138,135,7,EPSG:4326,868.4531804742396
landsat_monthly_1992_10.tif,GEE_exports_monthly_composites/landsat_monthly_1992_10.tif,1992,10,1992-10-01,18630,100.0,0.3157825767993927,0.31847047805786133,205,1.1003757380568975,138,135,7,EPSG:4326,868.4531804742396
landsat_monthly_1992_12.tif,GEE_exports_monthly_composites/landsat_monthly_1992_12.tif,1992,12,1992-12-01,2467,13.242082662372518,0.5224125981330872,0.537015438079834,1539,62.38346169436563,138,135,7,EPSG:4326,868.4531804742396
landsat_monthly_1993_01.tif,GEE_exports_monthly_composites/landsat_monthly_1993_01.tif,1993,1,1993-01-01,7597,40.77831454643049,0.6705140471458435,0.6838837265968323,7316,96.30117151507174,138,135,7,EPSG:4326,868.4531804742396
landsat_monthly_1993_02.tif,GEE_exports_monthly_composites/landsat_monthly_1993_02.tif,1993,2,1993-02-01,278,1.492216854535695,0.5599105954170227,0.567975640296936,210,75.53956834532374,138,135,7,EPSG:4326,868.4531804742396
landsat_monthly_1993_04.tif,GEE_exports_monthly_composites/landsat_monthly_1993_04.tif,1993,4,1993-04-01,1465,7.863660762211487,0.4716510772705078,0.5343552231788635,854,58.293515358361766,138,135,7,EPSG:4326,868.4531804742396
landsat_monthly_1993_06.tif,GEE_exports_monthly_composites/landsat_monthly_1993_06.tif,1993,6,1993-06-01,13917,74.70209339774557,0.47403684258461,0.49125203490257263,6598,47.4096428828052,138,135,7,EPSG:4326,868.4531804742396
landsat_monthly_1993_07.tif,GEE_exports_monthly_composites/landsat_monthly_1993_07.tif,1993,7,1993-07-01,389,2.0880300590445517,0.33684876561164856,0.32801294326782227,18,4.627249357326478,138,135,7,EPSG:4326,868.4531804742396
landsat_monthly_1993_08.tif,GEE_exports_monthly_composites/landsat_monthly_1993_08.tif,1993,8,1993-08-01,11612,62.32957595276436,0.4664495587348938,0.4670467674732208,4255,36.64312779882879,138,135,7,EPSG:4326,868.4531804742396
landsat_monthly_1993_09.tif,GEE_exports_monthly_composites/landsat_monthly_1993_09.tif,1993,9,1993-09-01,4482,24.057971014492754,0.3008132576942444,0.28997647762298584,17,0.37929495760821064,138,135,7,EPSG:4326,868.4531804742396
landsat_monthly_1993_10.tif,GEE_exports_monthly_composites/landsat_monthly_1993_10.tif,1993,10,1993-10-01,841,4.514224369296834,0.3866657018661499,0.40003129839897156,6,0.713436385255648,138,135,7,EPSG:4326,868.4531804742396
landsat_monthly_1993_11.tif,GEE_exports_monthly_composites/landsat_monthly_1993_11.tif,1993,11,1993-11-01,4840,25.979602791196992,0.35123714804649353,0.34866440296173096,355,7.334710743801653,138,135,7,EPSG:4326,868.4531804742396
landsat_monthly_1994_02.tif,GEE_exports_monthly_composites/landsat_monthly_1994_02.tif,1994,2,1994-02-01,4927,26.446591519055286,0.4888255298137665,0.5054321885108948,2511,50.96407550233408,138,135,7,EPSG:4326,868.4531804742396
landsat_monthly_1994_05.tif,GEE_exports_monthly_composites/landsat_monthly_1994_05.tif,1994,5,1994-05-01,13883,74.51959205582394,0.6697381138801575,0.7004300951957703,12392,89.26024634445004,138,135,7,EPSG:4326,868.4531804742396
landsat_monthly_1994_07.tif,GEE_exports_monthly_composites/landsat_monthly_1994_07.tif,1994,7,1994-07-01,9635,51.717659688674175,0.6217091679573059,0.626355767250061,8504,88.26154644525168,138,135,7,EPSG:4326,868.4531804742396
landsat_monthly_1994_10.tif,GEE_exports_monthly_composites/landsat_monthly_1994_10.tif,1994,10,1994-10-01,214,1.1486849168008588,0.38142159581184387,0.36709630489349365,8,3.7383177570093453,138,135,7,EPSG:4326,868.4531804742396
landsat_monthly_1994_11.tif,GEE_exports_monthly_composites/landsat_monthly_1994_11.tif,1994,11,1994-11-01,982,5.271068169618895,0.328779011964798,0.331462562084198,7,0.7128309572301426,138,135,7,EPSG:4326,868.4531804742396
landsat_monthly_1994_12.tif,GEE_exports_monthly_composites/landsat_monthly_1994_12.tif,1994,12,1994-12-01,2314,12.420826623725175,0.5084948539733887,0.5288466215133667,1279,55.27225583405359,138,135,7,EPSG:4326,868.4531804742396
landsat_monthly_1995_04.tif,GEE_exports_monthly_composites/landsat_monthly_1995_04.tif,1995,4,1995-04-01,1459,7.831454643048846,0.6177709698677063,0.6509125828742981,1232,84.44139821795751,138,135,7,EPSG:4326,868.4531804742396
landsat_monthly_1995_05.tif,GEE_exports_monthly_composites/landsat_monthly_1995_05.tif,1995,5,1995-05-01,17144,92.02361782071927,0.6119700074195862,0.6461106538772583,13469,78.56392907139525,138,135,7,EPSG:4326,868.4531804742396
landsat_monthly_1995_07.tif,GEE_exports_monthly_composites/landsat_monthly_1995_07.tif,1995,7,1995-07-01,18628,99.98926462694578,0.6174972057342529,0.6449737548828125,15501,83.2134421301267,138,135,7,EPSG:4326,868.4531804742396
landsat_monthly_1995_08.tif,GEE_exports_monthly_composites/landsat_monthly_1995_08.tif,1995,8,1995-08-01,7279,39.07139023081052,0.563656747341156,0.5729925036430359,5120,70.33933232586894,138,135,7,EPSG:4326,868.4531804742396
landsat_monthly_1995_09.tif,GEE_exports_monthly_composites/landsat_monthly_1995_09.tif,1995,9,1995-09-01,8682,46.60225442834138,0.4890628159046173,0.5036715865135193,4457,51.33609767334716,138,135,7,EPSG:4326,868.4531804742396
landsat_monthly_1995_10.tif,GEE_exports_monthly_composites/landsat_monthly_1995_10.tif,1995,10,1995-10-01,18129,97.31078904991949,0.34031128883361816,0.3279116451740265,1595,8.798058359534448,138,135,7,EPSG:4326,868.4531804742396
landsat_monthly_1995_12.tif,GEE_exports_monthly_composites/landsat_monthly_1995_12.tif,1995,12,1995-12-01,288,1.5458937198067633,0.5801593065261841,0.5862436294555664,261,90.625,138,135,7,EPSG:4326,868.4531804742396
landsat_monthly_1996_01.tif,GEE_exports_monthly_composites/landsat_monthly_1996_01.tif,1996,1,1996-01-01,3517,18.878153515834676,0.6199772357940674,0.640773355960846,3237,92.03866932044356,138,135,7,EPSG:4326,868.4531804742396
landsat_monthly_1996_03.tif,GEE_exports_monthly_composites/landsat_monthly_1996_03.tif,1996,3,1996-03-01,94,0.5045625335480408,0.7178406119346619,0.7318613529205322,94,100.0,138,135,7,EPSG:4326,868.4531804742396
landsat_monthly_1996_04.tif,GEE_exports_monthly_composites/landsat_monthly_1996_04.tif,1996,4,1996-04-01,18630,100.0,0.6623602509498596,0.6973507404327393,16465,88.37895866881375,138,135,7,EPSG:4326,868.4531804742396
landsat_monthly_1996_05.tif,GEE_exports_monthly_composites/landsat_monthly_1996_05.tif,1996,5,1996-05-01,5691,30.547504025764894,0.5676432847976685,0.5812094807624817,3843,67.52767527675276,138,135,7,EPSG:4326,868.4531804742396
landsat_monthly_1996_06.tif,GEE_exports_monthly_composites/landsat_monthly_1996_06.tif,1996,6,1996-06-01,1612,8.65271068169619,0.49950355291366577,0.49482089281082153,783,48.57320099255583,138,135,7,EPSG:4326,868.4531804742396
landsat_monthly_1996_07.tif,GEE_exports_monthly_composites/landsat_monthly_1996_07.tif,1996,7,1996-07-01,5255,28.207192699946322,0.5174083709716797,0.5170668959617615,2812,53.51094196003806,138,135,7,EPSG:4326,868.4531804742396
landsat_monthly_1996_08.tif,GEE_exports_monthly_composites/landsat_monthly_1996_08.tif,1996,8,1996-08-01,16061,86.2104133118626,0.39850232005119324,0.3830333650112152,3362,20.93269410372953,138,135,7,EPSG:4326,868.4531804742396
landsat_monthly_1996_09.tif,GEE_exports_monthly_composites/landsat_monthly_1996_09.tif,1996,9,1996-09-01,537,2.8824476650563606,0.41080066561698914,0.40731704235076904,42,7.82122905027933,138,135,7,EPSG:4326,868.4531804742396
landsat_monthly_1996_10.tif,GEE_exports_monthly_composites/landsat_monthly_1996_10.tif,1996,10,1996-10-01,16227,87.10144927536231,0.34384310245513916,0.3313758373260498,869,5.355272077401861,138,135,7,EPSG:4326,868.4531804742396
landsat_monthly_1996_12.tif,GEE_exports_monthly_composites/landsat_monthly_1996_12.tif,1996,12,1996-12-01,14799,79.43639291465378,0.6363747119903564,0.6748135685920715,12122,81.91093992837354,138,135,7,EPSG:4326,868.4531804742396
landsat_monthly_1997_06.tif,GEE_exports_monthly_composites/landsat_monthly_1997_06.tif,1997,6,1997-06-01,996,5.3462157809983895,0.8245787024497986,0.8279460668563843,996,100.0,138,135,7,EPSG:4326,868.4531804742396
landsat_monthly_1997_07.tif,GEE_exports_monthly_composites/landsat_monthly_1997_07.tif,1997,7,1997-07-01,17785,95.46430488459474,0.7482466697692871,0.7710102796554565,17530,98.56620747821198,138,135,7,EPSG:4326,868.4531804742396
landsat_monthly_1997_08.tif,GEE_exports_monthly_composites/landsat_monthly_1997_08.tif,1997,8,1997-08-01,323,1.7337627482555018,0.7284759879112244,0.7380548715591431,323,100.0,138,135,7,EPSG:4326,868.4531804742396
landsat_monthly_1997_09.tif,GEE_exports_monthly_composites/landsat_monthly_1997_09.tif,1997,9,1997-09-01,500,2.6838432635534084,0.39740338921546936,0.3934331238269806,121,24.2,138,135,7,EPSG:4326,868.4531804742396
landsat_monthly_1997_10.tif,GEE_exports_monthly_composites/landsat_monthly_1997_10.tif,1997,10,1997-10-01,18630,100.0,0.516943633556366,0.5082259178161621,9767,52.426194310252285,138,135,7,EPSG:4326,868.4531804742396
landsat_monthly_1997_11.tif,GEE_exports_monthly_composites/landsat_monthly_1997_11.tif,1997,11,1997-11-01,5591,30.010735373054214,0.4578009247779846,0.4502106010913849,2168,38.77660525845108,138,135,7,EPSG:4326,868.4531804742396
landsat_monthly_1998_08.tif,GEE_exports_monthly_composites/landsat_monthly_1998_08.tif,1998,8,1998-08-01,3151,16.913580246913583,0.3818751573562622,0.37413060665130615,372,11.805775944144715,138,135,7,EPSG:4326,868.4531804742396
landsat_monthly_1998_09.tif,GEE_exports_monthly_composites/landsat_monthly_1998_09.tif,1998,9,1998-09-01,13606,73.03274288781535,0.2994919419288635,0.2891019582748413,181,1.3302954578862265,138,135,7,EPSG:4326,868.4531804742396
landsat_monthly_1998_10.tif,GEE_exports_monthly_composites/landsat_monthly_1998_10.tif,1998,10,1998-10-01,8537,45.823939881910896,0.32231470942497253,0.3220563530921936,7,0.08199601733630081,138,135,7,EPSG:4326,868.4531804742396
landsat_monthly_1998_11.tif,GEE_exports_monthly_composites/landsat_monthly_1998_11.tif,1998,11,1998-11-01,6601,35.432098765432094,0.32532715797424316,0.2757754921913147,1634,24.753825178003332,138,135,7,EPSG:4326,868.4531804742396
landsat_monthly_1998_12.tif,GEE_exports_monthly_composites/landsat_monthly_1998_12.tif,1998,12,1998-12-01,8391,45.0402576489533,0.6426241993904114,0.6465192437171936,7352,87.61768561554047,138,135,7,EPSG:4326,868.4531804742396
landsat_monthly_1999_02.tif,GEE_exports_monthly_composites/landsat_monthly_1999_02.tif,1999,2,1999-02-01,269,1.4439076757917337,0.5640116333961487,0.571290135383606,216,80.29739776951673,138,135,7,EPSG:4326,868.4531804742396
landsat_monthly_1999_03.tif,GEE_exports_monthly_composites/landsat_monthly_1999_03.tif,1999,3,1999-03-01,15008,80.55823939881911,0.7103854417800903,0.7470564842224121,14396,95.92217484008529,138,135,7,EPSG:4326,868.4531804742396
landsat_monthly_1999_06.tif,GEE_exports_monthly_composites/landsat_monthly_1999_06.tif,1999,6,1999-06-01,18411,98.82447665056361,0.6901615858078003,0.7181029915809631,17353,94.25343544620064,138,135,7,EPSG:4326,868.4531804742396
landsat_monthly_1999_07.tif,GEE_exports_monthly_composites/landsat_monthly_1999_07.tif,1999,7,1999-07-01,395,2.120236178207193,0.6621190905570984,0.6723543405532837,349,88.35443037974684,138,135,7,EPSG:4326,868.4531804742396
landsat_monthly_1999_08.tif,GEE_exports_monthly_composites/landsat_monthly_1999_08.tif,1999,8,1999-08-01,18630,100.0,0.678067147731781,0.6993138790130615,17891,96.03327965646807,138,135,7,EPSG:4326,868.4531804742396
landsat_monthly_1999_09.tif,GEE_exports_monthly_composites/landsat_monthly_1999_09.tif,1999,9,1999-09-01,18630,100.0,0.5913388133049011,0.5983808040618896,15118,81.14868491680086,138,135,7,EPSG:4326,868.4531804742396
landsat_monthly_1999_11.tif,GEE_exports_monthly_composites/landsat_monthly_1999_11.tif,1999,11,1999-11-01,2072,11.121846484165324,0.7606843113899231,0.7925112247467041,2058,99.32432432432432,138,135,7,EPSG:4326,868.4531804742396
landsat_monthly_1999_12.tif,GEE_exports_monthly_composites/landsat_monthly_1999_12.tif,1999,12,1999-12-01,222,1.1916264090177133,0.6789406538009644,0.6901382207870483,213,95.94594594594594,138,135,7,EPSG:4326,868.4531804742396
landsat_monthly_2000_01.tif,GEE_exports_monthly_composites/landsat_monthly_2000_01.tif,2000,1,2000-01-01,80,0.4294149221685454,0.7147444486618042,0.7196531891822815,80,100.0,138,135,7,EPSG:4326,868.4531804742396
landsat_monthly_2000_02.tif,GEE_exports_monthly_composites/landsat_monthly_2000_02.tif,2000,2,2000-02-01,9824,52.73215244229738,0.7309123277664185,0.7585287690162659,9555,97.26180781758957,138,135,7,EPSG:4326,868.4531804742396
landsat_monthly_2000_03.tif,GEE_exports_monthly_composites/landsat_monthly_2000_03.tif,2000,3,2000-03-01,3589,19.264626945786368,0.7945008277893066,0.816032886505127,3584,99.86068542769574,138,135,7,EPSG:4326,868.4531804742396
landsat_monthly_2000_04.tif,GEE_exports_monthly_composites/landsat_monthly_2000_04.tif,2000,4,2000-04-01,1654,8.878153515834676,0.708443820476532,0.7146837711334229,1619,97.8839177750907,138,135,7,EPSG:4326,868.4531804742396
landsat_monthly_2000_07.tif,GEE_exports_monthly_composites/landsat_monthly_2000_07.tif,2000,7,2000-07-01,14547,78.08373590982288,0.5753510594367981,0.5778450965881348,10966,75.38324053069361,138,135,7,EPSG:4326,868.4531804742396
landsat_monthly_2000_08.tif,GEE_exports_monthly_composites/landsat_monthly_2000_08.tif,2000,8,2000-08-01,91,0.48845947396672035,0.6340019702911377,0.6533182859420776,78,85.71428571428571,138,135,7,EPSG:4326,868.4531804742396
landsat_monthly_2000_10.tif,GEE_exports_monthly_composites/landsat_monthly_2000_10.tif,2000,10,2000-10-01,17611,94.53032742887815,0.398602694272995,0.3819664716720581,3059,17.369825677133612,138,135,7,EPSG:4326,868.4531804742396
landsat_monthly_2000_11.tif,GEE_exports_monthly_composites/landsat_monthly_2000_11.tif,2000,11,2000-11-01,4410,23.67149758454106,0.6466608047485352,0.6654638648033142,3905,88.54875283446711,138,135,7,EPSG:4326,868.4531804742396
landsat_monthly_2000_12.tif,GEE_exports_monthly_composites/landsat_monthly_2000_12.tif,2000,12,2000-12-01,7425,39.85507246376812,0.6288031339645386,0.6211898326873779,7062,95.11111111111111,138,135,7,EPSG:4326,868.4531804742396
landsat_monthly_2001_01.tif,GEE_exports_monthly_composites/landsat_monthly_2001_01.tif,2001,1,2001-01-01,8786,47.160493827160494,0.7388685941696167,0.7656059265136719,8579,97.64397905759162,138,135,7,EPSG:4326,868.4531804742396
landsat_monthly_2001_02.tif,GEE_exports_monthly_composites/landsat_monthly_2001_02.tif,2001,2,2001-02-01,16889,90.65485775630702,0.7039487957954407,0.7248701453208923,16076,95.18621588015868,138,135,7,EPSG:4326,868.4531804742396
landsat_monthly_2001_03.tif,GEE_exports_monthly_composites/landsat_monthly_2001_03.tif,2001,3,2001-03-01,17125,91.92163177670423,0.5792660713195801,0.583652913570404,12017,70.17226277372262,138,135,7,EPSG:4326,868.4531804742396
landsat_monthly_2001_04.tif,GEE_exports_monthly_composites/landsat_monthly_2001_04.tif,2001,4,2001-04-01,18630,100.0,0.5688856840133667,0.5860742330551147,12608,67.67579173376275,138,135,7,EPSG:4326,868.4531804742396
landsat_monthly_2001_05.tif,GEE_exports_monthly_composites/landsat_monthly_2001_05.tif,2001,5,2001-05-01,12369,66.39291465378422,0.5402161478996277,0.5429573655128479,7592,61.37925458808311,138,135,7,EPSG:4326,868.4531804742396
landsat_monthly_2001_06.tif,GEE_exports_monthly_composites/landsat_monthly_2001_06.tif,2001,6,2001-06-01,3608,19.366612989801396,0.5579755306243896,0.5779060125350952,2476,68.62527716186253,138,135,7,EPSG:4326,868.4531804742396
landsat_monthly_2001_07.tif,GEE_exports_monthly_composites/landsat_monthly_2001_07.tif,2001,7,2001-07-01,17925,96.2157809983897,0.5300622582435608,0.5370982885360718,10727,59.843793584379355,138,135,7,EPSG:4326,868.4531804742396
landsat_monthly_2001_08.tif,GEE_exports_monthly_composites/landsat_monthly_2001_08.tif,2001,8,2001-08-01,4153,22.292002147074612,0.4808812737464905,0.48740553855895996,1868,44.979532867806405,138,135,7,EPSG:4326,868.4531804742396
landsat_monthly_2001_09.tif,GEE_exports_monthly_composites/landsat_monthly_2001_09.tif,2001,9,2001-09-01,18630,100.0,0.3981056809425354,0.38173434138298035,3153,16.924315619967796,138,135,7,EPSG:4326,868.4531804742396
landsat_monthly_2001_10.tif,GEE_exports_monthly_composites/landsat_monthly_2001_10.tif,2001,10,2001-10-01,18630,100.0,0.36306077241897583,0.3437168002128601,2009,10.783682232957595,138,135,7,EPSG:4326,868.4531804742396
landsat_monthly_2001_11.tif,GEE_exports_monthly_composites/landsat_monthly_2001_11.tif,2001,11,2001-11-01,18630,100.0,0.4840526878833771,0.48452818393707275,8436,45.28180354267311,138,135,7,EPSG:4326,868.4531804742396
landsat_monthly_2001_12.tif,GEE_exports_monthly_composites/landsat_monthly_2001_12.tif,2001,12,2001-12-01,15667,84.0955448201825,0.606819748878479,0.6293954253196716,12357,78.87278994063956,138,135,7,EPSG:4326,868.4531804742396
landsat_monthly_2002_01.tif,GEE_exports_monthly_composites/landsat_monthly_2002_01.tif,2002,1,2002-01-01,2662,14.288781535158346,0.6738165020942688,0.6957894563674927,2613,98.15927873779114,138,135,7,EPSG:4326,868.4531804742396
landsat_monthly_2002_02.tif,GEE_exports_monthly_composites/landsat_monthly_2002_02.tif,2002,2,2002-02-01,14404,77.3161567364466,0.7367845177650452,0.7674206495285034,14004,97.22299361288532,138,135,7,EPSG:4326,868.4531804742396
landsat_monthly_2002_03.tif,GEE_exports_monthly_composites/landsat_monthly_2002_03.tif,2002,3,2002-03-01,5882,31.572732152442295,0.7244561910629272,0.7664802670478821,5588,95.00170010200613,138,135,7,EPSG:4326,868.4531804742396
landsat_monthly_2002_04.tif,GEE_exports_monthly_composites/landsat_monthly_2002_04.tif,2002,4,2002-04-01,5874,31.529790660225444,0.7196913361549377,0.7386194467544556,5636,95.94824651004427,138,135,7,EPSG:4326,868.4531804742396
landsat_monthly_2002_05.tif,GEE_exports_monthly_composites/landsat_monthly_2002_05.tif,2002,5,2002-05-01,18630,100.0,0.6849014759063721,0.7123605608940125,17070,91.62640901771336,138,135,7,EPSG:4326,868.4531804742396
landsat_monthly_2002_08.tif,GEE_exports_monthly_composites/landsat_monthly_2002_08.tif,2002,8,2002-08-01,17396,93.37627482555018,0.5492869019508362,0.5471729040145874,11371,65.36560128765232,138,135,7,EPSG:4326,868.4531804742396
landsat_monthly_2002_09.tif,GEE_exports_monthly_composites/landsat_monthly_2002_09.tif,2002,9,2002-09-01,18630,100.0,0.4062651991844177,0.39269909262657166,3037,16.301663982823403,138,135,7,EPSG:4326,868.4531804742396
landsat_monthly_2002_10.tif,GEE_exports_monthly_composites/landsat_monthly_2002_10.tif,2002,10,2002-10-01,8560,45.94739667203435,0.5578590631484985,0.5682973861694336,6220,72.66355140186917,138,135,7,EPSG:4326,868.4531804742396
landsat_monthly_2002_11.tif,GEE_exports_monthly_composites/landsat_monthly_2002_11.tif,2002,11,2002-11-01,17987,96.54857756307031,0.4913789629936218,0.4969485104084015,8834,49.11324845721911,138,135,7,EPSG:4326,868.4531804742396
landsat_monthly_2002_12.tif,GEE_exports_monthly_composites/landsat_monthly_2002_12.tif,2002,12,2002-12-01,5130,27.536231884057973,0.5691483616828918,0.5908106565475464,4222,82.30019493177389,138,135,7,EPSG:4326,868.4531804742396
landsat_monthly_2003_01.tif,GEE_exports_monthly_composites/landsat_monthly_2003_01.tif,2003,1,2003-01-01,18630,100.0,0.7393472790718079,0.7763043642044067,18056,96.91894793344069,138,135,7,EPSG:4326,868.4531804742396
landsat_monthly_2003_03.tif,GEE_exports_monthly_composites/landsat_monthly_2003_03.tif,2003,3,2003-03-01,4574,24.55179817498658,0.5736687779426575,0.5887042880058289,3185,69.63270660253608,138,135,7,EPSG:4326,868.4531804742396
landsat_monthly_2003_04.tif,GEE_exports_monthly_composites/landsat_monthly_2003_04.tif,2003,4,2003-04-01,4662,25.02415458937198,0.5806810855865479,0.6092658042907715,3549,76.12612612612612,138,135,7,EPSG:4326,868.4531804742396
landsat_monthly_2003_08.tif,GEE_exports_monthly_composites/landsat_monthly_2003_08.tif,2003,8,2003-08-01,12328,66.17283950617285,0.5189443230628967,0.5171061754226685,6635,53.820571057754705,138,135,7,EPSG:4326,868.4531804742396
landsat_monthly_2003_09.tif,GEE_exports_monthly_composites/landsat_monthly_2003_09.tif,2003,9,2003-09-01,12546,67.34299516908212,0.4480287432670593,0.43702876567840576,4101,32.68770923003348,138,135,7,EPSG:4326,868.4531804742396
landsat_monthly_2003_10.tif,GEE_exports_monthly_composites/landsat_monthly_2003_10.tif,2003,10,2003-10-01,16991,91.20236178207193,0.3400368392467499,0.32259753346443176,1576,9.275498793478901,138,135,7,EPSG:4326,868.4531804742396
landsat_monthly_2003_11.tif,GEE_exports_monthly_composites/landsat_monthly_2003_11.tif,2003,11,2003-11-01,5800,31.132581857219538,0.2904834449291229,0.2736949324607849,219,3.7758620689655173,138,135,7,EPSG:4326,868.4531804742396
landsat_monthly_2003_12.tif,GEE_exports_monthly_composites/landsat_monthly_2003_12.tif,2003,12,2003-12-01,18630,100.0,0.3034592568874359,0.29093289375305176,473,2.5389157273215246,138,135,7,EPSG:4326,868.4531804742396
landsat_monthly_2004_01.tif,GEE_exports_monthly_composites/landsat_monthly_2004_01.tif,2004,1,2004-01-01,16217,87.04777241009126,0.28985995054244995,0.27797043323516846,45,0.2774865881482395,138,135,7,EPSG:4326,868.4531804742396
landsat_monthly_2004_02.tif,GEE_exports_monthly_composites/landsat_monthly_2004_02.tif,2004,2,2004-02-01,3693,19.822866344605476,0.7178804874420166,0.7579343318939209,3534,95.69455727051178,138,135,7,EPSG:4326,868.4531804742396
landsat_monthly_2004_03.tif,GEE_exports_monthly_composites/landsat_monthly_2004_03.tif,2004,3,2004-03-01,3723,19.98389694041868,0.7668317556381226,0.7839235067367554,3697,99.30163846360462,138,135,7,EPSG:4326,868.4531804742396
landsat_monthly_2004_04.tif,GEE_exports_monthly_composites/landsat_monthly_2004_04.tif,2004,4,2004-04-01,4168,22.372517444981213,0.6954219341278076,0.7249090671539307,3907,93.73800383877159,138,135,7,EPSG:4326,868.4531804742396
landsat_monthly_2004_05.tif,GEE_exports_monthly_composites/landsat_monthly_2004_05.tif,2004,5,2004-05-01,3434,18.43263553408481,0.6659795641899109,0.705331563949585,3034,88.35177635410601,138,135,7,EPSG:4326,868.4531804742396
landsat_monthly_2004_06.tif,GEE_exports_monthly_composites/landsat_monthly_2004_06.tif,2004,6,2004-06-01,3959,21.25067096081589,0.7305538654327393,0.7608898878097534,3716,93.86208638545087,138,135,7,EPSG:4326,868.4531804742396
landsat_monthly_2004_07.tif,GEE_exports_monthly_composites/landsat_monthly_2004_07.tif,2004,7,2004-07-01,7154,38.400429414922165,0.6728260517120361,0.6911421418190002,6682,93.40229242381885,138,135,7,EPSG:4326,868.4531804742396
landsat_monthly_2004_08.tif,GEE_exports_monthly_composites/landsat_monthly_2004_08.tif,2004,8,2004-08-01,18395,98.7385936661299,0.5972957015037537,0.6095119118690491,14387,78.21147050829029,138,135,7,EPSG:4326,868.4531804742396
landsat_monthly_2004_09.tif,GEE_exports_monthly_composites/landsat_monthly_2004_09.tif,2004,9,2004-09-01,4688,25.163714439076756,0.4383190870285034,0.42935311794281006,1348,28.754266211604097,138,135,7,EPSG:4326,868.4531804742396
landsat_monthly_2004_10.tif,GEE_exports_monthly_composites/landsat_monthly_2004_10.tif,2004,10,2004-10-01,11628,62.41545893719807,0.3744063675403595,0.3524949550628662,1838,15.806673546611627,138,135,7,EPSG:4326,868.4531804742396
landsat_monthly_2004_11.tif,GEE_exports_monthly_composites/landsat_monthly_2004_11.tif,2004,11,2004-11-01,5320,28.556092324208265,0.3505728542804718,0.3468365967273712,354,6.654135338345865,138,135,7,EPSG:4326,868.4531804742396
landsat_monthly_2004_12.tif,GEE_exports_monthly_composites/landsat_monthly_2004_12.tif,2004,12,2004-12-01,12239,65.69511540526032,0.7259873747825623,0.7579892873764038,11637,95.08129749162512,138,135,7,EPSG:4326,868.4531804742396
landsat_monthly_2005_01.tif,GEE_exports_monthly_composites/landsat_monthly_2005_01.tif,2005,1,2005-01-01,18630,100.0,0.6553730368614197,0.6796181797981262,16896,90.69243156199678,138,135,7,EPSG:4326,868.4531804742396
landsat_monthly_2005_02.tif,GEE_exports_monthly_composites/landsat_monthly_2005_02.tif,2005,2,2005-02-01,9130,49.00697799248524,0.6923154592514038,0.7124113440513611,8670,94.96166484118291,138,135,7,EPSG:4326,868.4531804742396
landsat_monthly_2005_03.tif,GEE_exports_monthly_composites/landsat_monthly_2005_03.tif,2005,3,2005-03-01,1166,6.258722490606548,0.7617772221565247,0.7799633145332336,1148,98.45626072041166,138,135,7,EPSG:4326,868.4531804742396
landsat_monthly_2005_04.tif,GEE_exports_monthly_composites/landsat_monthly_2005_04.tif,2005,4,2005-04-01,6104,32.764358561460014,0.7313368320465088,0.7602331638336182,5954,97.54259501965925,138,135,7,EPSG:4326,868.4531804742396
landsat_monthly_2005_05.tif,GEE_exports_monthly_composites/landsat_monthly_2005_05.tif,2005,5,2005-05-01,13771,73.91841116478798,0.6007813811302185,0.6172009706497192,11300,82.05649553409339,138,135,7,EPSG:4326,868.4531804742396
landsat_monthly_2005_06.tif,GEE_exports_monthly_composites/landsat_monthly_2005_06.tif,2005,6,2005-06-01,18630,100.0,0.6696280241012573,0.6928565502166748,17409,93.44605475040257,138,135,7,EPSG:4326,868.4531804742396
landsat_monthly_2005_07.tif,GEE_exports_monthly_composites/landsat_monthly_2005_07.tif,2005,7,2005-07-01,8866,47.58990874932904,0.647533655166626,0.6646209955215454,8320,93.841642228739,138,135,7,EPSG:4326,868.4531804742396
landsat_monthly_2005_08.tif,GEE_exports_monthly_composites/landsat_monthly_2005_08.tif,2005,8,2005-08-01,5022,26.956521739130434,0.6495640873908997,0.6477153301239014,4618,91.95539625647152,138,135,7,EPSG:4326,868.4531804742396
landsat_monthly_2005_10.tif,GEE_exports_monthly_composites/landsat_monthly_2005_10.tif,2005,10,2005-10-01,18630,100.0,0.37579572200775146,0.35751640796661377,2429,13.03811057434246,138,135,7,EPSG:4326,868.4531804742396
landsat_monthly_2005_12.tif,GEE_exports_monthly_composites/landsat_monthly_2005_12.tif,2005,12,2005-12-01,7699,41.32581857219538,0.5415161848068237,0.49020829796791077,3740,48.577737368489416,138,135,7,EPSG:4326,868.4531804742396
landsat_monthly_2006_01.tif,GEE_exports_monthly_composites/landsat_monthly_2006_01.tif,2006,1,2006-01-01,1313,7.047772410091251,0.5045965313911438,0.5112608671188354,707,53.84615384615385,138,135,7,EPSG:4326,868.4531804742396
landsat_monthly_2006_02.tif,GEE_exports_monthly_composites/landsat_monthly_2006_02.tif,2006,2,2006-02-01,9784,52.5174449812131,0.5123798847198486,0.5366623997688293,5696,58.21749795584628,138,135,7,EPSG:4326,868.4531804742396
landsat_monthly_2006_03.tif,GEE_exports_monthly_composites/landsat_monthly_2006_03.tif,2006,3,2006-03-01,18630,100.0,0.48530659079551697,0.5023629665374756,9449,50.71926999463231,138,135,7,EPSG:4326,868.4531804742396
landsat_monthly_2006_05.tif,GEE_exports_monthly_composites/landsat_monthly_2006_05.tif,2006,5,2006-05-01,9212,49.447128287708,0.7051460146903992,0.7367157936096191,8901,96.62396873643074,138,135,7,EPSG:4326,868.4531804742396
landsat_monthly_2006_06.tif,GEE_exports_monthly_composites/landsat_monthly_2006_06.tif,2006,6,2006-06-01,7354,39.47396672034353,0.6826134920120239,0.7121046781539917,6934,94.28882240957303,138,135,7,EPSG:4326,868.4531804742396
landsat_monthly_2006_07.tif,GEE_exports_monthly_composites/landsat_monthly_2006_07.tif,2006,7,2006-07-01,4999,26.833064949006978,0.6436519026756287,0.6664407849311829,4665,93.31866373274656,138,135,7,EPSG:4326,868.4531804742396
landsat_monthly_2006_08.tif,GEE_exports_monthly_composites/landsat_monthly_2006_08.tif,2006,8,2006-08-01,106,0.5689747718733226,0.46902400255203247,0.46744614839553833,40,37.735849056603776,138,135,7,EPSG:4326,868.4531804742396
landsat_monthly_2006_09.tif,GEE_exports_monthly_composites/landsat_monthly_2006_09.tif,2006,9,2006-09-01,14558,78.14278046162104,0.47151854634284973,0.4670736789703369,5844,40.14287676878692,138,135,7,EPSG:4326,868.4531804742396
landsat_monthly_2006_10.tif,GEE_exports_monthly_composites/landsat_monthly_2006_10.tif,2006,10,2006-10-01,722,3.8754696725711217,0.309646874666214,0.30223819613456726,7,0.9695290858725761,138,135,7,EPSG:4326,868.4531804742396
landsat_monthly_2006_11.tif,GEE_exports_monthly_composites/landsat_monthly_2006_11.tif,2006,11,2006-11-01,985,5.287171229200214,0.6141538023948669,0.5945536494255066,808,82.03045685279187,138,135,7,EPSG:4326,868.4531804742396
landsat_monthly_2006_12.tif,GEE_exports_monthly_composites/landsat_monthly_2006_12.tif,2006,12,2006-12-01,18630,100.0,0.757821261882782,0.7854213714599609,18247,97.9441760601181,138,135,7,EPSG:4326,868.4531804742396
landsat_monthly_2007_01.tif,GEE_exports_monthly_composites/landsat_monthly_2007_01.tif,2007,1,2007-01-01,18630,100.0,0.7098233103752136,0.7368239164352417,18102,97.1658615136876,138,135,7,EPSG:4326,868.4531804742396
landsat_monthly_2007_03.tif,GEE_exports_monthly_composites/landsat_monthly_2007_03.tif,2007,3,2007-03-01,6967,37.396672034353195,0.7795141339302063,0.8013029098510742,6892,98.92349648342184,138,135,7,EPSG:4326,868.4531804742396
landsat_monthly_2007_04.tif,GEE_exports_monthly_composites/landsat_monthly_2007_04.tif,2007,4,2007-04-01,18630,100.0,0.7468241453170776,0.7758513689041138,18294,98.1964573268921,138,135,7,EPSG:4326,868.4531804742396
landsat_monthly_2007_05.tif,GEE_exports_monthly_composites/landsat_monthly_2007_05.tif,2007,5,2007-05-01,18630,100.0,0.6865965723991394,0.702284574508667,17837,95.7434245840043,138,135,7,EPSG:4326,868.4531804742396
landsat_monthly_2007_06.tif,GEE_exports_monthly_composites/landsat_monthly_2007_06.tif,2007,6,2007-06-01,11206,60.150295222758984,0.6489360332489014,0.6642247438430786,10222,91.21898982687846,138,135,7,EPSG:4326,868.4531804742396
landsat_monthly_2007_07.tif,GEE_exports_monthly_composites/landsat_monthly_2007_07.tif,2007,7,2007-07-01,5014,26.913580246913583,0.5836856961250305,0.596390962600708,4200,83.7654567211807,138,135,7,EPSG:4326,868.4531804742396
landsat_monthly_2007_08.tif,GEE_exports_monthly_composites/landsat_monthly_2007_08.tif,2007,8,2007-08-01,13888,74.54643048845946,0.5263949036598206,0.521690845489502,8564,61.664746543778804,138,135,7,EPSG:4326,868.4531804742396
landsat_monthly_2007_09.tif,GEE_exports_monthly_composites/landsat_monthly_2007_09.tif,2007,9,2007-09-01,8157,43.78421900161031,0.5462142825126648,0.5447974801063538,5813,71.26394507784724,138,135,7,EPSG:4326,868.4531804742396
landsat_monthly_2007_11.tif,GEE_exports_monthly_composites/landsat_monthly_2007_11.tif,2007,11,2007-11-01,913,4.900697799248524,0.35118016600608826,0.33920758962631226,76,8.32420591456736,138,135,7,EPSG:4326,868.4531804742396
landsat_monthly_2008_01.tif,GEE_exports_monthly_composites/landsat_monthly_2008_01.tif,2008,1,2008-01-01,6624,35.55555555555556,0.7231478691101074,0.7478285431861877,6331,95.57669082125604,138,135,7,EPSG:4326,868.4531804742396
landsat_monthly_2008_02.tif,GEE_exports_monthly_composites/landsat_monthly_2008_02.tif,2008,2,2008-02-01,16183,86.86527106816962,0.6832382678985596,0.7115939855575562,14138,87.36328245689921,138,135,7,EPSG:4326,868.4531804742396
landsat_monthly_2008_03.tif,GEE_exports_monthly_composites/landsat_monthly_2008_03.tif,2008,3,2008-03-01,3845,20.638754696725712,0.7706099152565002,0.7877663969993591,3793,98.64759427828349,138,135,7,EPSG:4326,868.4531804742396
landsat_monthly_2008_04.tif,GEE_exports_monthly_composites/landsat_monthly_2008_04.tif,2008,4,2008-04-01,17583,94.38003220611915,0.6482782959938049,0.7127161622047424,14291,81.27737018711255,138,135,7,EPSG:4326,868.4531804742396
landsat_monthly_2008_05.tif,GEE_exports_monthly_composites/landsat_monthly_2008_05.tif,2008,5,2008-05-01,18630,100.0,0.6061034202575684,0.6233578324317932,14794,79.40955448201825,138,135,7,EPSG:4326,868.4531804742396
landsat_monthly_2008_06.tif,GEE_exports_monthly_composites/landsat_monthly_2008_06.tif,2008,6,2008-06-01,10164,54.55716586151369,0.5160180926322937,0.5216249227523804,5888,57.929948839039746,138,135,7,EPSG:4326,868.4531804742396
landsat_monthly_2008_07.tif,GEE_exports_monthly_composites/landsat_monthly_2008_07.tif,2008,7,2008-07-01,5723,30.719269994632313,0.5946870446205139,0.5959876179695129,4704,82.19465315394025,138,135,7,EPSG:4326,868.4531804742396
landsat_monthly_2008_08.tif,GEE_exports_monthly_composites/landsat_monthly_2008_08.tif,2008,8,2008-08-01,18630,100.0,0.5183508992195129,0.5171815156936646,10410,55.87761674718197,138,135,7,EPSG:4326,868.4531804742396
landsat_monthly_2008_09.tif,GEE_exports_monthly_composites/landsat_monthly_2008_09.tif,2008,9,2008-09-01,17517,94.02576489533011,0.4518541395664215,0.4460231363773346,5812,33.1791973511446,138,135,7,EPSG:4326,868.4531804742396
landsat_monthly_2008_10.tif,GEE_exports_monthly_composites/landsat_monthly_2008_10.tif,2008,10,2008-10-01,18630,100.0,0.35250821709632874,0.33318930864334106,1875,10.064412238325282,138,135,7,EPSG:4326,868.4531804742396
landsat_monthly_2008_11.tif,GEE_exports_monthly_composites/landsat_monthly_2008_11.tif,2008,11,2008-11-01,16319,87.59527643585615,0.2922000288963318,0.2809256315231323,172,1.0539861511122006,138,135,7,EPSG:4326,868.4531804742396
landsat_monthly_2008_12.tif,GEE_exports_monthly_composites/landsat_monthly_2008_12.tif,2008,12,2008-12-01,18629,99.99463231347289,0.530809223651886,0.5383474826812744,13433,72.10800365022277,138,135,7,EPSG:4326,868.4531804742396
landsat_monthly_2009_01.tif,GEE_exports_monthly_composites/landsat_monthly_2009_01.tif,2009,1,2009-01-01,10905,58.534621578099845,0.7682598829269409,0.7965431213378906,10659,97.74415405777165,138,135,7,EPSG:4326,868.4531804742396
landsat_monthly_2009_02.tif,GEE_exports_monthly_composites/landsat_monthly_2009_02.tif,2009,2,2009-02-01,3171,17.020933977455716,0.6336740255355835,0.6546669006347656,2750,86.72343109429202,138,135,7,EPSG:4326,868.4531804742396
landsat_monthly_2009_03.tif,GEE_exports_monthly_composites/landsat_monthly_2009_03.tif,2009,3,2009-03-01,9074,48.70638754696726,0.4686243534088135,0.4710954427719116,3656,40.29094115054001,138,135,7,EPSG:4326,868.4531804742396
landsat_monthly_2009_04.tif,GEE_exports_monthly_composites/landsat_monthly_2009_04.tif,2009,4,2009-04-01,4605,24.71819645732689,0.5892189741134644,0.6139939427375793,3903,84.7557003257329,138,135,7,EPSG:4326,868.4531804742396
landsat_monthly_2009_05.tif,GEE_exports_monthly_composites/landsat_monthly_2009_05.tif,2009,5,2009-05-01,11962,64.20826623725175,0.6767140030860901,0.7102543115615845,10842,90.63701722120047,138,135,7,EPSG:4326,868.4531804742396
landsat_monthly_2009_06.tif,GEE_exports_monthly_composites/landsat_monthly_2009_06.tif,2009,6,2009-06-01,12887,69.17337627482554,0.6276334524154663,0.6368401050567627,11786,91.45650655699542,138,135,7,EPSG:4326,868.4531804742396
landsat_monthly_2009_07.tif,GEE_exports_monthly_composites/landsat_monthly_2009_07.tif,2009,7,2009-07-01,12836,68.8996242619431,0.6091864705085754,0.6146888732910156,10608,82.64256777812402,138,135,7,EPSG:4326,868.4531804742396
landsat_monthly_2009_08.tif,GEE_exports_monthly_composites/landsat_monthly_2009_08.tif,2009,8,2009-08-01,8237,44.21363392377885,0.46655482053756714,0.4661061465740204,3182,38.63056938205657,138,135,7,EPSG:4326,868.4531804742396
landsat_monthly_2009_09.tif,GEE_exports_monthly_composites/landsat_monthly_2009_09.tif,2009,9,2009-09-01,5274,28.309178743961354,0.3562440276145935,0.34521472454071045,532,10.087220326128175,138,135,7,EPSG:4326,868.4531804742396
landsat_monthly_2009_10.tif,GEE_exports_monthly_composites/landsat_monthly_2009_10.tif,2009,10,2009-10-01,12775,68.57219538378959,0.403749018907547,0.3900560736656189,2172,17.001956947162427,138,135,7,EPSG:4326,868.4531804742396
landsat_monthly_2009_11.tif,GEE_exports_monthly_composites/landsat_monthly_2009_11.tif,2009,11,2009-11-01,14964,80.3220611916264,0.6406511068344116,0.6405264139175415,13288,88.79978615343491,138,135,7,EPSG:4326,868.4531804742396
landsat_monthly_2009_12.tif,GEE_exports_monthly_composites/landsat_monthly_2009_12.tif,2009,12,2009-12-01,14347,77.01019860440151,0.5853338837623596,0.6005915403366089,10096,70.37011221858228,138,135,7,EPSG:4326,868.4531804742396
landsat_monthly_2010_01.tif,GEE_exports_monthly_composites/landsat_monthly_2010_01.tif,2010,1,2010-01-01,9458,50.76757917337628,0.5776025652885437,0.5880258083343506,6686,70.69147811376612,138,135,7,EPSG:4326,868.4531804742396
landsat_monthly_2010_02.tif,GEE_exports_monthly_composites/landsat_monthly_2010_02.tif,2010,2,2010-02-01,7893,42.36714975845411,0.5035017132759094,0.5117324590682983,4090,51.81806664132775,138,135,7,EPSG:4326,868.4531804742396
landsat_monthly_2010_03.tif,GEE_exports_monthly_composites/landsat_monthly_2010_03.tif,2010,3,2010-03-01,27,0.14492753623188406,0.5645893812179565,0.5649762749671936,26,96.29629629629629,138,135,7,EPSG:4326,868.4531804742396
landsat_monthly_2010_04.tif,GEE_exports_monthly_composites/landsat_monthly_2010_04.tif,2010,4,2010-04-01,9854,52.89318303811057,0.7542713284492493,0.7817219495773315,9656,97.99066368987214,138,135,7,EPSG:4326,868.4531804742396
landsat_monthly_2010_05.tif,GEE_exports_monthly_composites/landsat_monthly_2010_05.tif,2010,5,2010-05-01,10667,57.25711218464842,0.682702898979187,0.7215291857719421,9585,89.8565669822818,138,135,7,EPSG:4326,868.4531804742396
landsat_monthly_2010_06.tif,GEE_exports_monthly_composites/landsat_monthly_2010_06.tif,2010,6,2010-06-01,3871,20.778314546430487,0.6233741044998169,0.6418628692626953,3212,82.97597520020666,138,135,7,EPSG:4326,868.4531804742396
landsat_monthly_2010_08.tif,GEE_exports_monthly_composites/landsat_monthly_2010_08.tif,2010,8,2010-08-01,901,4.836285560923241,0.5125696063041687,0.5068902373313904,498,55.27192008879024,138,135,7,EPSG:4326,868.4531804742396
landsat_monthly_2010_09.tif,GEE_exports_monthly_composites/landsat_monthly_2010_09.tif,2010,9,2010-09-01,17446,93.64465915190553,0.5320575833320618,0.5214968919754028,9989,57.256677748481025,138,135,7,EPSG:4326,868.4531804742396
landsat_monthly_2010_10.tif,GEE_exports_monthly_composites/landsat_monthly_2010_10.tif,2010,10,2010-10-01,18630,100.0,0.43896570801734924,0.4210648536682129,4809,25.813204508856685,138,135,7,EPSG:4326,868.4531804742396
landsat_monthly_2010_12.tif,GEE_exports_monthly_composites/landsat_monthly_2010_12.tif,2010,12,2010-12-01,10847,58.22329575952765,0.666144073009491,0.6799530982971191,10380,95.69466211855813,138,135,7,EPSG:4326,868.4531804742396
landsat_monthly_2011_01.tif,GEE_exports_monthly_composites/landsat_monthly_2011_01.tif,2011,1,2011-01-01,12365,66.37144390767578,0.7165594696998596,0.7552242875099182,11559,93.48160129397492,138,135,7,EPSG:4326,868.4531804742396
landsat_monthly_2011_02.tif,GEE_exports_monthly_composites/landsat_monthly_2011_02.tif,2011,2,2011-02-01,13754,73.82716049382717,0.615742027759552,0.6299553513526917,10676,77.62105569288934,138,135,7,EPSG:4326,868.4531804742396
landsat_monthly_2011_03.tif,GEE_exports_monthly_composites/landsat_monthly_2011_03.tif,2011,3,2011-03-01,904,4.852388620504563,0.6275758743286133,0.6395784020423889,795,87.9424778761062,138,135,7,EPSG:4326,868.4531804742396
landsat_monthly_2011_04.tif,GEE_exports_monthly_composites/landsat_monthly_2011_04.tif,2011,4,2011-04-01,8824,47.36446591519055,0.6547573804855347,0.6713452935218811,7909,89.63055303717134,138,135,7,EPSG:4326,868.4531804742396
landsat_monthly_2011_05.tif,GEE_exports_monthly_composites/landsat_monthly_2011_05.tif,2011,5,2011-05-01,8740,46.913580246913575,0.5495004653930664,0.5572206974029541,5625,64.35926773455377,138,135,7,EPSG:4326,868.4531804742396
landsat_monthly_2011_06.tif,GEE_exports_monthly_composites/landsat_monthly_2011_06.tif,2011,6,2011-06-01,18129,97.31078904991949,0.4642883837223053,0.4681914746761322,7117,39.25754316288819,138,135,7,EPSG:4326,868.4531804742396
landsat_monthly_2011_07.tif,GEE_exports_monthly_composites/landsat_monthly_2011_07.tif,2011,7,2011-07-01,7287,39.11433172302738,0.4893347918987274,0.49950310587882996,3634,49.86963084945794,138,135,7,EPSG:4326,868.4531804742396
landsat_monthly_2011_08.tif,GEE_exports_monthly_composites/landsat_monthly_2011_08.tif,2011,8,2011-08-01,11428,61.34192163177671,0.4447762668132782,0.4368441104888916,3905,34.17045852292615,138,135,7,EPSG:4326,868.4531804742396
landsat_monthly_2011_09.tif,GEE_exports_monthly_composites/landsat_monthly_2011_09.tif,2011,9,2011-09-01,17656,94.77187332259795,0.37575533986091614,0.3610174059867859,2682,15.190303579519709,138,135,7,EPSG:4326,868.4531804742396
landsat_monthly_2011_10.tif,GEE_exports_monthly_composites/landsat_monthly_2011_10.tif,2011,10,2011-10-01,1762,9.45786366076221,0.3742024600505829,0.3676820397377014,285,16.174801362088537,138,135,7,EPSG:4326,868.4531804742396
landsat_monthly_2011_12.tif,GEE_exports_monthly_composites/landsat_monthly_2011_12.tif,2011,12,2011-12-01,1063,5.705850778314547,0.6430899500846863,0.6546803116798401,954,89.74600188146754,138,135,7,EPSG:4326,868.4531804742396
landsat_monthly_2012_02.tif,GEE_exports_monthly_composites/landsat_monthly_2012_02.tif,2012,2,2012-02-01,8007,42.97906602254428,0.6322607398033142,0.6487290859222412,6465,80.74185088047957,138,135,7,EPSG:4326,868.4531804742396
landsat_monthly_2012_03.tif,GEE_exports_monthly_composites/landsat_monthly_2012_03.tif,2012,3,2012-03-01,13312,71.45464304884595,0.49700647592544556,0.5138310790061951,7072,53.125,138,135,7,EPSG:4326,868.4531804742396
landsat_monthly_2012_04.tif,GEE_exports_monthly_composites/landsat_monthly_2012_04.tif,2012,4,2012-04-01,9836,52.79656468062265,0.4293600618839264,0.43523862957954407,3432,34.8922326148841,138,135,7,EPSG:4326,868.4531804742396
landsat_monthly_2012_05.tif,GEE_exports_monthly_composites/landsat_monthly_2012_05.tif,2012,5,2012-05-01,13707,73.57487922705313,0.42445674538612366,0.4341577887535095,4623,33.72729262420661,138,135,7,EPSG:4326,868.4531804742396
landsat_monthly_2012_06.tif,GEE_exports_monthly_composites/landsat_monthly_2012_06.tif,2012,6,2012-06-01,9398,50.445517981749866,0.37159955501556396,0.3740088939666748,1508,16.04596722706959,138,135,7,EPSG:4326,868.4531804742396
landsat_monthly_2012_07.tif,GEE_exports_monthly_composites/landsat_monthly_2012_07.tif,2012,7,2012-07-01,11880,63.76811594202898,0.38862937688827515,0.3766666650772095,2248,18.92255892255892,138,135,7,EPSG:4326,868.4531804742396
landsat_monthly_2012_08.tif,GEE_exports_monthly_composites/landsat_monthly_2012_08.tif,2012,8,2012-08-01,1061,5.695115405260333,0.37073832750320435,0.3598073124885559,115,10.838831291234683,138,135,7,EPSG:4326,868.4531804742396
landsat_monthly_2012_09.tif,GEE_exports_monthly_composites/landsat_monthly_2012_09.tif,2012,9,2012-09-01,145,0.7783145464304885,0.49128082394599915,0.5356738567352295,87,60.0,138,135,7,EPSG:4326,868.4531804742396
landsat_monthly_2012_12.tif,GEE_exports_monthly_composites/landsat_monthly_2012_12.tif,2012,12,2012-12-01,13773,73.9291465378422,0.48172080516815186,0.4911074638366699,6571,47.70928628476004,138,135,7,EPSG:4326,868.4531804742396
landsat_monthly_2013_01.tif,GEE_exports_monthly_composites/landsat_monthly_2013_01.tif,2013,1,2013-01-01,7255,38.94256575415996,0.4264651834964752,0.41799163818359375,2323,32.01929703652653,138,135,7,EPSG:4326,868.4531804742396
landsat_monthly_2013_02.tif,GEE_exports_monthly_composites/landsat_monthly_2013_02.tif,2013,2,2013-02-01,2497,13.403113258185723,0.5303657054901123,0.5244408249855042,1397,55.947136563876654,138,135,7,EPSG:4326,868.4531804742396
landsat_monthly_2013_03.tif,GEE_exports_monthly_composites/landsat_monthly_2013_03.tif,2013,3,2013-03-01,16596,89.08212560386474,0.4551559090614319,0.46175599098205566,6637,39.99156423234515,138,135,7,EPSG:4326,868.4531804742396
landsat_monthly_2013_04.tif,GEE_exports_monthly_composites/landsat_monthly_2013_04.tif,2013,4,2013-04-01,6215,33.360171765968865,0.6997038722038269,0.7719378471374512,5207,83.78117457763476,138,135,7,EPSG:4326,868.4531804742396
landsat_monthly_2013_05.tif,GEE_exports_monthly_composites/landsat_monthly_2013_05.tif,2013,5,2013-05-01,18630,100.0,0.6967309713363647,0.7371788024902344,17082,91.69082125603865,138,135,7,EPSG:4326,868.4531804742396
landsat_monthly_2013_06.tif,GEE_exports_monthly_composites/landsat_monthly_2013_06.tif,2013,6,2013-06-01,4767,25.587761674718195,0.8027583360671997,0.8151341676712036,4736,99.34969582546675,138,135,7,EPSG:4326,868.4531804742396
landsat_monthly_2013_07.tif,GEE_exports_monthly_composites/landsat_monthly_2013_07.tif,2013,7,2013-07-01,18181,97.58990874932904,0.6752897500991821,0.703869640827179,16326,89.79704086683901,138,135,7,EPSG:4326,868.4531804742396
landsat_monthly_2013_08.tif,GEE_exports_monthly_composites/landsat_monthly_2013_08.tif,2013,8,2013-08-01,18630,100.0,0.5449286103248596,0.546215295791626,11478,61.61030595813205,138,135,7,EPSG:4326,868.4531804742396
landsat_monthly_2013_09.tif,GEE_exports_monthly_composites/landsat_monthly_2013_09.tif,2013,9,2013-09-01,5010,26.89210950080515,0.5525088310241699,0.5324945449829102,3062,61.11776447105789,138,135,7,EPSG:4326,868.4531804742396
landsat_monthly_2013_10.tif,GEE_exports_monthly_composites/landsat_monthly_2013_10.tif,2013,10,2013-10-01,17898,96.07085346215781,0.40333226323127747,0.3852508068084717,3566,19.924013856296792,138,135,7,EPSG:4326,868.4531804742396
landsat_monthly_2013_11.tif,GEE_exports_monthly_composites/landsat_monthly_2013_11.tif,2013,11,2013-11-01,10192,54.70746108427268,0.34991922974586487,0.34374338388442993,592,5.808477237048666,138,135,7,EPSG:4326,868.4531804742396
landsat_monthly_2013_12.tif,GEE_exports_monthly_composites/landsat_monthly_2013_12.tif,2013,12,2013-12-01,5121,27.48792270531401,0.5964277982711792,0.6007886528968811,3445,67.27201718414372,138,135,7,EPSG:4326,868.4531804742396
landsat_monthly_2014_01.tif,GEE_exports_monthly_composites/landsat_monthly_2014_01.tif,2014,1,2014-01-01,7171,38.49168008588298,0.6909202933311462,0.7162050604820251,6564,91.5353507181704,138,135,7,EPSG:4326,868.4531804742396
landsat_monthly_2014_02.tif,GEE_exports_monthly_composites/landsat_monthly_2014_02.tif,2014,2,2014-02-01,14501,77.83682232957595,0.7363466024398804,0.7776733040809631,13763,94.91069581408179,138,135,7,EPSG:4326,868.4531804742396
landsat_monthly_2014_03.tif,GEE_exports_monthly_composites/landsat_monthly_2014_03.tif,2014,3,2014-03-01,14752,79.18411164787976,0.6211372017860413,0.6487982869148254,11279,76.45742950108459,138,135,7,EPSG:4326,868.4531804742396
landsat_monthly_2014_04.tif,GEE_exports_monthly_composites/landsat_monthly_2014_04.tif,2014,4,2014-04-01,18630,100.0,0.5964228510856628,0.6182762384414673,13925,74.74503488996243,138,135,7,EPSG:4326,868.4531804742396
landsat_monthly_2014_05.tif,GEE_exports_monthly_composites/landsat_monthly_2014_05.tif,2014,5,2014-05-01,16548,88.82447665056361,0.5682392120361328,0.5857254266738892,11442,69.14430746918056,138,135,7,EPSG:4326,868.4531804742396
landsat_monthly_2014_06.tif,GEE_exports_monthly_composites/landsat_monthly_2014_06.tif,2014,6,2014-06-01,12625,67.76704240472357,0.47858431935310364,0.4907100200653076,5998,47.50891089108911,138,135,7,EPSG:4326,868.4531804742396
landsat_monthly_2014_07.tif,GEE_exports_monthly_composites/landsat_monthly_2014_07.tif,2014,7,2014-07-01,12124,65.07783145464305,0.4793054759502411,0.47564345598220825,5261,43.39326954800396,138,135,7,EPSG:4326,868.4531804742396
landsat_monthly_2014_08.tif,GEE_exports_monthly_composites/landsat_monthly_2014_08.tif,2014,8,2014-08-01,14605,78.39506172839506,0.5575016736984253,0.568005383014679,10301,70.53064019171516,138,135,7,EPSG:4326,868.4531804742396
landsat_monthly_2014_09.tif,GEE_exports_monthly_composites/landsat_monthly_2014_09.tif,2014,9,2014-09-01,4475,24.020397208803008,0.3952113687992096,0.3871421813964844,721,16.11173184357542,138,135,7,EPSG:4326,868.4531804742396
landsat_monthly_2014_10.tif,GEE_exports_monthly_composites/landsat_monthly_2014_10.tif,2014,10,2014-10-01,5202,27.92270531400966,0.33218592405319214,0.2878391742706299,827,15.897731641676277,138,135,7,EPSG:4326,868.4531804742396
landsat_monthly_2014_11.tif,GEE_exports_monthly_composites/landsat_monthly_2014_11.tif,2014,11,2014-11-01,3720,19.96779388083736,0.4798601567745209,0.4403374493122101,1370,36.82795698924731,138,135,7,EPSG:4326,868.4531804742396
landsat_monthly_2014_12.tif,GEE_exports_monthly_composites/landsat_monthly_2014_12.tif,2014,12,2014-12-01,11315,60.73537305421364,0.7488514184951782,0.7791861891746521,10956,96.82722050375607,138,135,7,EPSG:4326,868.4531804742396
landsat_monthly_2015_01.tif,GEE_exports_monthly_composites/landsat_monthly_2015_01.tif,2015,1,2015-01-01,16200,86.95652173913044,0.7286354303359985,0.7601983547210693,15231,94.01851851851852,138,135,7,EPSG:4326,868.4531804742396
landsat_monthly_2015_02.tif,GEE_exports_monthly_composites/landsat_monthly_2015_02.tif,2015,2,2015-02-01,13748,73.79495437466453,0.71492600440979,0.752657413482666,12954,94.22461448938027,138,135,7,EPSG:4326,868.4531804742396
landsat_monthly_2015_03.tif,GEE_exports_monthly_composites/landsat_monthly_2015_03.tif,2015,3,2015-03-01,4286,23.005904455179817,0.7127982378005981,0.7205074429512024,4141,96.61689220718618,138,135,7,EPSG:4326,868.4531804742396
landsat_monthly_2015_04.tif,GEE_exports_monthly_composites/landsat_monthly_2015_04.tif,2015,4,2015-04-01,16511,88.62587224906065,0.5954976081848145,0.6105230450630188,12313,74.57452607352674,138,135,7,EPSG:4326,868.4531804742396
landsat_monthly_2015_05.tif,GEE_exports_monthly_composites/landsat_monthly_2015_05.tif,2015,5,2015-05-01,18586,99.76382179280729,0.6254667043685913,0.648798942565918,15436,83.05175938878726,138,135,7,EPSG:4326,868.4531804742396
landsat_monthly_2015_06.tif,GEE_exports_monthly_composites/landsat_monthly_2015_06.tif,2015,6,2015-06-01,119,0.6387546967257112,0.43260064721107483,0.43178197741508484,24,20.168067226890756,138,135,7,EPSG:4326,868.4531804742396
landsat_monthly_2015_08.tif,GEE_exports_monthly_composites/landsat_monthly_2015_08.tif,2015,8,2015-08-01,6833,36.67740203972088,0.5352073907852173,0.5305541753768921,4131,60.45660763939704,138,135,7,EPSG:4326,868.4531804742396
landsat_monthly_2015_09.tif,GEE_exports_monthly_composites/landsat_monthly_2015_09.tif,2015,9,2015-09-01,18429,98.92109500805152,0.5058832168579102,0.49663835763931274,9038,49.04227033479842,138,135,7,EPSG:4326,868.4531804742396
landsat_monthly_2015_10.tif,GEE_exports_monthly_composites/landsat_monthly_2015_10.tif,2015,10,2015-10-01,18630,100.0,0.4248112440109253,0.41061338782310486,4471,23.998926462694577,138,135,7,EPSG:4326,868.4531804742396
landsat_monthly_2015_11.tif,GEE_exports_monthly_composites/landsat_monthly_2015_11.tif,2015,11,2015-11-01,18630,100.0,0.4142540395259857,0.40175575017929077,4266,22.89855072463768,138,135,7,EPSG:4326,868.4531804742396
landsat_monthly_2015_12.tif,GEE_exports_monthly_composites/landsat_monthly_2015_12.tif,2015,12,2015-12-01,17983,96.52710681696189,0.6639583706855774,0.7004664540290833,15673,87.15453483845855,138,135,7,EPSG:4326,868.4531804742396
landsat_monthly_2016_01.tif,GEE_exports_monthly_composites/landsat_monthly_2016_01.tif,2016,1,2016-01-01,364,1.9538378958668814,0.5851241946220398,0.5960181951522827,255,70.05494505494505,138,135,7,EPSG:4326,868.4531804742396
landsat_monthly_2016_02.tif,GEE_exports_monthly_composites/landsat_monthly_2016_02.tif,2016,2,2016-02-01,18630,100.0,0.762511134147644,0.8005303740501404,18154,97.44498121309717,138,135,7,EPSG:4326,868.4531804742396
landsat_monthly_2016_03.tif,GEE_exports_monthly_composites/landsat_monthly_2016_03.tif,2016,3,2016-03-01,13049,70.04294149221685,0.6872328519821167,0.717426061630249,11917,91.32500574756686,138,135,7,EPSG:4326,868.4531804742396
landsat_monthly_2016_04.tif,GEE_exports_monthly_composites/landsat_monthly_2016_04.tif,2016,4,2016-04-01,14600,78.36822329575953,0.6338394284248352,0.6632354259490967,11985,82.08904109589041,138,135,7,EPSG:4326,868.4531804742396
landsat_monthly_2016_05.tif,GEE_exports_monthly_composites/landsat_monthly_2016_05.tif,2016,5,2016-05-01,17917,96.17283950617283,0.5585601925849915,0.5730684995651245,11736,65.50203717140147,138,135,7,EPSG:4326,868.4531804742396
landsat_monthly_2016_06.tif,GEE_exports_monthly_composites/landsat_monthly_2016_06.tif,2016,6,2016-06-01,18629,99.99463231347289,0.537848949432373,0.5544900298118591,11401,61.20027913468249,138,135,7,EPSG:4326,868.4531804742396
landsat_monthly_2016_07.tif,GEE_exports_monthly_composites/landsat_monthly_2016_07.tif,2016,7,2016-07-01,18630,100.0,0.5804502964019775,0.5919968485832214,13830,74.23510466988728,138,135,7,EPSG:4326,868.4531804742396
landsat_monthly_2016_08.tif,GEE_exports_monthly_composites/landsat_monthly_2016_08.tif,2016,8,2016-08-01,17901,96.08695652173913,0.5065284371376038,0.5069646239280701,9271,51.79040277079493,138,135,7,EPSG:4326,868.4531804742396
landsat_monthly_2016_09.tif,GEE_exports_monthly_composites/landsat_monthly_2016_09.tif,2016,9,2016-09-01,18630,100.0,0.48240330815315247,0.4749147593975067,8080,43.37090713902308,138,135,7,EPSG:4326,868.4531804742396
landsat_monthly_2016_10.tif,GEE_exports_monthly_composites/landsat_monthly_2016_10.tif,2016,10,2016-10-01,2726,14.632313472893182,0.46874427795410156,0.4732137620449066,954,34.99633162142333,138,135,7,EPSG:4326,868.4531804742396
landsat_monthly_2016_11.tif,GEE_exports_monthly_composites/landsat_monthly_2016_11.tif,2016,11,2016-11-01,18630,100.0,0.5831779837608337,0.6036231517791748,13831,74.24047235641439,138,135,7,EPSG:4326,868.4531804742396
landsat_monthly_2016_12.tif,GEE_exports_monthly_composites/landsat_monthly_2016_12.tif,2016,12,2016-12-01,17703,95.02415458937197,0.606406569480896,0.6367966532707214,13416,75.78376546348076,138,135,7,EPSG:4326,868.4531804742396
landsat_monthly_2017_01.tif,GEE_exports_monthly_composites/landsat_monthly_2017_01.tif,2017,1,2017-01-01,18569,99.67257112184649,0.5076148509979248,0.5166357159614563,9915,53.395444019602564,138,135,7,EPSG:4326,868.4531804742396
landsat_monthly_2017_02.tif,GEE_exports_monthly_composites/landsat_monthly_2017_02.tif,2017,2,2017-02-01,10683,57.34299516908212,0.49145230650901794,0.4948901832103729,5173,48.422727698212114,138,135,7,EPSG:4326,868.4531804742396
landsat_monthly_2017_03.tif,GEE_exports_monthly_composites/landsat_monthly_2017_03.tif,2017,3,2017-03-01,14038,75.3515834675255,0.39953407645225525,0.39521774649620056,3352,23.878045305599088,138,135,7,EPSG:4326,868.4531804742396
landsat_monthly_2017_04.tif,GEE_exports_monthly_composites/landsat_monthly_2017_04.tif,2017,4,2017-04-01,7367,39.543746645195924,0.601037323474884,0.6309870481491089,5230,70.99226279353876,138,135,7,EPSG:4326,868.4531804742396
landsat_monthly_2017_05.tif,GEE_exports_monthly_composites/landsat_monthly_2017_05.tif,2017,5,2017-05-01,17511,93.99355877616748,0.6972325444221497,0.7471116185188293,15663,89.4466335446291,138,135,7,EPSG:4326,868.4531804742396
landsat_monthly_2017_06.tif,GEE_exports_monthly_composites/landsat_monthly_2017_06.tif,2017,6,2017-06-01,18630,100.0,0.689140260219574,0.7374122738838196,16239,87.1658615136876,138,135,7,EPSG:4326,868.4531804742396
landsat_monthly_2017_07.tif,GEE_exports_monthly_composites/landsat_monthly_2017_07.tif,2017,7,2017-07-01,3307,17.750939345142243,0.7596586346626282,0.7918434143066406,3194,96.58300574538858,138,135,7,EPSG:4326,868.4531804742396
landsat_monthly_2017_08.tif,GEE_exports_monthly_composites/landsat_monthly_2017_08.tif,2017,8,2017-08-01,13867,74.43370907139023,0.6054443717002869,0.6224101185798645,11243,81.07737794764549,138,135,7,EPSG:4326,868.4531804742396
landsat_monthly_2017_09.tif,GEE_exports_monthly_composites/landsat_monthly_2017_09.tif,2017,9,2017-09-01,196,1.0520665593129361,0.3607611358165741,0.33945369720458984,16,8.16326530612245,138,135,7,EPSG:4326,868.4531804742396
landsat_monthly_2017_10.tif,GEE_exports_monthly_composites/landsat_monthly_2017_10.tif,2017,10,2017-10-01,1625,8.722490606548577,0.51007479429245,0.5142739415168762,873,53.72307692307692,138,135,7,EPSG:4326,868.4531804742396
landsat_monthly_2017_11.tif,GEE_exports_monthly_composites/landsat_monthly_2017_11.tif,2017,11,2017-11-01,4469,23.988191089640367,0.6643683314323425,0.680211067199707,3895,87.1559633027523,138,135,7,EPSG:4326,868.4531804742396
landsat_monthly_2017_12.tif,GEE_exports_monthly_composites/landsat_monthly_2017_12.tif,2017,12,2017-12-01,17960,96.40365002683843,0.6563096046447754,0.6766884326934814,15920,88.64142538975501,138,135,7,EPSG:4326,868.4531804742396
landsat_monthly_2018_01.tif,GEE_exports_monthly_composites/landsat_monthly_2018_01.tif,2018,1,2018-01-01,13486,72.38862050456252,0.6157856583595276,0.6398013830184937,10402,77.1318404271096,138,135,7,EPSG:4326,868.4531804742396
landsat_monthly_2018_02.tif,GEE_exports_monthly_composites/landsat_monthly_2018_02.tif,2018,2,2018-02-01,9617,51.621041331186255,0.7097890973091125,0.7329555749893188,9112,94.74888218779245,138,135,7,EPSG:4326,868.4531804742396
landsat_monthly_2018_03.tif,GEE_exports_monthly_composites/landsat_monthly_2018_03.tif,2018,3,2018-03-01,16693,89.60279119699409,0.6980280876159668,0.7213815450668335,15725,94.20116216378122,138,135,7,EPSG:4326,868.4531804742396
landsat_monthly_2018_04.tif,GEE_exports_monthly_composites/landsat_monthly_2018_04.tif,2018,4,2018-04-01,16169,86.79012345679013,0.7378326058387756,0.780129075050354,15357,94.97804440596202,138,135,7,EPSG:4326,868.4531804742396
landsat_monthly_2018_05.tif,GEE_exports_monthly_composites/landsat_monthly_2018_05.tif,2018,5,2018-05-01,13829,74.22973698336017,0.6475254893302917,0.669239342212677,11864,85.79072962614795,138,135,7,EPSG:4326,868.4531804742396
landsat_monthly_2018_06.tif,GEE_exports_monthly_composites/landsat_monthly_2018_06.tif,2018,6,2018-06-01,9510,51.04669887278583,0.6503633856773376,0.6761428117752075,8156,85.76235541535226,138,135,7,EPSG:4326,868.4531804742396
landsat_monthly_2018_07.tif,GEE_exports_monthly_composites/landsat_monthly_2018_07.tif,2018,7,2018-07-01,4626,24.830917874396135,0.5007253885269165,0.4936344623565674,2246,48.551664504971896,138,135,7,EPSG:4326,868.4531804742396
landsat_monthly_2018_08.tif,GEE_exports_monthly_composites/landsat_monthly_2018_08.tif,2018,8,2018-08-01,13201,70.8588298443371,0.4950624108314514,0.48583200573921204,6092,46.14801908946292,138,135,7,EPSG:4326,868.4531804742396
landsat_monthly_2018_09.tif,GEE_exports_monthly_composites/landsat_monthly_2018_09.tif,2018,9,2018-09-01,17475,93.80032206119162,0.42137888073921204,0.40532994270324707,4329,24.7725321888412,138,135,7,EPSG:4326,868.4531804742396
landsat_monthly_2018_10.tif,GEE_exports_monthly_composites/landsat_monthly_2018_10.tif,2018,10,2018-10-01,14168,76.04938271604938,0.3361015021800995,0.3168230652809143,1207,8.519198193111237,138,135,7,EPSG:4326,868.4531804742396
landsat_monthly_2018_11.tif,GEE_exports_monthly_composites/landsat_monthly_2018_11.tif,2018,11,2018-11-01,12636,67.82608695652173,0.33431801199913025,0.30710312724113464,1011,8.000949667616334,138,135,7,EPSG:4326,868.4531804742396
landsat_monthly_2018_12.tif,GEE_exports_monthly_composites/landsat_monthly_2018_12.tif,2018,12,2018-12-01,17272,92.71068169618894,0.7079766392707825,0.7351700067520142,16236,94.00185270958778,138,135,7,EPSG:4326,868.4531804742396
landsat_monthly_2019_01.tif,GEE_exports_monthly_composites/landsat_monthly_2019_01.tif,2019,1,2019-01-01,10694,57.4020397208803,0.7082850933074951,0.7411642074584961,9755,91.21937535066392,138,135,7,EPSG:4326,868.4531804742396
landsat_monthly_2019_02.tif,GEE_exports_monthly_composites/landsat_monthly_2019_02.tif,2019,2,2019-02-01,16017,85.97423510466989,0.513421893119812,0.5059812068939209,8255,51.53898982331273,138,135,7,EPSG:4326,868.4531804742396
landsat_monthly_2019_03.tif,GEE_exports_monthly_composites/landsat_monthly_2019_03.tif,2019,3,2019-03-01,15595,83.70907139023082,0.6033935546875,0.6297154426574707,10891,69.83648605322219,138,135,7,EPSG:4326,868.4531804742396
landsat_monthly_2019_04.tif,GEE_exports_monthly_composites/landsat_monthly_2019_04.tif,2019,4,2019-04-01,15337,82.32420826623725,0.6732848882675171,0.706074059009552,13155,85.77296733389842,138,135,7,EPSG:4326,868.4531804742396
landsat_monthly_2019_05.tif,GEE_exports_monthly_composites/landsat_monthly_2019_05.tif,2019,5,2019-05-01,17860,95.86688137412776,0.6468144059181213,0.663388192653656,15169,84.93281075027996,138,135,7,EPSG:4326,868.4531804742396
landsat_monthly_2019_06.tif,GEE_exports_monthly_composites/landsat_monthly_2019_06.tif,2019,6,2019-06-01,14972,80.36500268384327,0.6048869490623474,0.6205242872238159,11280,75.34063585359337,138,135,7,EPSG:4326,868.4531804742396
landsat_monthly_2019_07.tif,GEE_exports_monthly_composites/landsat_monthly_2019_07.tif,2019,7,2019-07-01,17020,91.35802469135803,0.6055249571800232,0.6275920867919922,13657,80.24089306698002,138,135,7,EPSG:4326,868.4531804742396
landsat_monthly_2019_08.tif,GEE_exports_monthly_composites/landsat_monthly_2019_08.tif,2019,8,2019-08-01,12822,68.82447665056361,0.5764198899269104,0.5866466760635376,9320,72.68756824208393,138,135,7,EPSG:4326,868.4531804742396
landsat_monthly_2019_09.tif,GEE_exports_monthly_composites/landsat_monthly_2019_09.tif,2019,9,2019-09-01,8936,47.965646806226516,0.5297229886054993,0.5285559296607971,5119,57.285138764547895,138,135,7,EPSG:4326,868.4531804742396
landsat_monthly_2019_10.tif,GEE_exports_monthly_composites/landsat_monthly_2019_10.tif,2019,10,2019-10-01,9450,50.72463768115942,0.43167173862457275,0.4087056517601013,2739,28.984126984126984,138,135,7,EPSG:4326,868.4531804742396
landsat_monthly_2019_11.tif,GEE_exports_monthly_composites/landsat_monthly_2019_11.tif,2019,11,2019-11-01,18630,100.0,0.41226455569267273,0.40548551082611084,3386,18.174986580783685,138,135,7,EPSG:4326,868.4531804742396
landsat_monthly_2019_12.tif,GEE_exports_monthly_composites/landsat_monthly_2019_12.tif,2019,12,2019-12-01,18630,100.0,0.523005485534668,0.5319117903709412,11252,60.39720880300591,138,135,7,EPSG:4326,868.4531804742396
landsat_monthly_2020_01.tif,GEE_exports_monthly_composites/landsat_monthly_2020_01.tif,2020,1,2020-01-01,14560,78.15351583467526,0.7209742069244385,0.7542487978935242,13890,95.39835164835165,138,135,7,EPSG:4326,868.4531804742396
landsat_monthly_2020_02.tif,GEE_exports_monthly_composites/landsat_monthly_2020_02.tif,2020,2,2020-02-01,16798,90.16639828234031,0.7434815168380737,0.7875805497169495,15939,94.88629598761757,138,135,7,EPSG:4326,868.4531804742396
landsat_monthly_2020_03.tif,GEE_exports_monthly_composites/landsat_monthly_2020_03.tif,2020,3,2020-03-01,2314,12.420826623725175,0.6246265172958374,0.6204183101654053,1971,85.1771823681936,138,135,7,EPSG:4326,868.4531804742396
landsat_monthly_2020_04.tif,GEE_exports_monthly_composites/landsat_monthly_2020_04.tif,2020,4,2020-04-01,18630,100.0,0.7768957614898682,0.8081476092338562,18290,98.17498658078368,138,135,7,EPSG:4326,868.4531804742396
landsat_monthly_2020_05.tif,GEE_exports_monthly_composites/landsat_monthly_2020_05.tif,2020,5,2020-05-01,15235,81.77670424047236,0.7617653608322144,0.7958401441574097,14833,97.36133902198884,138,135,7,EPSG:4326,868.4531804742396
landsat_monthly_2020_06.tif,GEE_exports_monthly_composites/landsat_monthly_2020_06.tif,2020,6,2020-06-01,18554,99.59205582393989,0.7596912980079651,0.7877303957939148,18341,98.85199956882613,138,135,7,EPSG:4326,868.4531804742396
landsat_monthly_2020_07.tif,GEE_exports_monthly_composites/landsat_monthly_2020_07.tif,2020,7,2020-07-01,7168,38.475577026301664,0.7187760472297668,0.7357158660888672,7047,98.31194196428571,138,135,7,EPSG:4326,868.4531804742396
landsat_monthly_2020_08.tif,GEE_exports_monthly_composites/landsat_monthly_2020_08.tif,2020,8,2020-08-01,11913,63.94524959742351,0.7033255696296692,0.7252316474914551,11420,95.86166372869974,138,135,7,EPSG:4326,868.4531804742396
landsat_monthly_2020_09.tif,GEE_exports_monthly_composites/landsat_monthly_2020_09.tif,2020,9,2020-09-01,10794,57.93880837359098,0.6254810094833374,0.6399513483047485,9218,85.39929590513248,138,135,7,EPSG:4326,868.4531804742396
landsat_monthly_2020_10.tif,GEE_exports_monthly_composites/landsat_monthly_2020_10.tif,2020,10,2020-10-01,18055,96.91358024691358,0.5069506764411926,0.4976672828197479,8842,48.97258377180837,138,135,7,EPSG:4326,868.4531804742396
landsat_monthly_2020_11.tif,GEE_exports_monthly_composites/landsat_monthly_2020_11.tif,2020,11,2020-11-01,4773,25.61996779388084,0.6826331615447998,0.7061578035354614,4636,97.12968782736225,138,135,7,EPSG:4326,868.4531804742396
landsat_monthly_2020_12.tif,GEE_exports_monthly_composites/landsat_monthly_2020_12.tif,2020,12,2020-12-01,8655,46.4573268921095,0.7435294985771179,0.7669747471809387,8531,98.56730213749277,138,135,7,EPSG:4326,868.4531804742396
landsat_monthly_2021_01.tif,GEE_exports_monthly_composites/landsat_monthly_2021_01.tif,2021,1,2021-01-01,14527,77.97638217928073,0.6760534644126892,0.7024701833724976,13263,91.29896055620569,138,135,7,EPSG:4326,868.4531804742396
landsat_monthly_2021_02.tif,GEE_exports_monthly_composites/landsat_monthly_2021_02.tif,2021,2,2021-02-01,8023,43.06494900697799,0.6977360844612122,0.716876745223999,7427,92.57135734762556,138,135,7,EPSG:4326,868.4531804742396
landsat_monthly_2021_03.tif,GEE_exports_monthly_composites/landsat_monthly_2021_03.tif,2021,3,2021-03-01,18627,99.98389694041869,0.7043471932411194,0.7267594933509827,17840,95.77495034090299,138,135,7,EPSG:4326,868.4531804742396
landsat_monthly_2021_04.tif,GEE_exports_monthly_composites/landsat_monthly_2021_04.tif,2021,4,2021-04-01,18571,99.6833064949007,0.7534904479980469,0.7874468564987183,18034,97.10839480911098,138,135,7,EPSG:4326,868.4531804742396
landsat_monthly_2021_05.tif,GEE_exports_monthly_composites/landsat_monthly_2021_05.tif,2021,5,2021-05-01,18331,98.39506172839506,0.6511034369468689,0.6650482416152954,17023,92.86454639681413,138,135,7,EPSG:4326,868.4531804742396
landsat_monthly_2021_06.tif,GEE_exports_monthly_composites/landsat_monthly_2021_06.tif,2021,6,2021-06-01,13041,70.0,0.6674231290817261,0.6872251033782959,11907,91.30434782608695,138,135,7,EPSG:4326,868.4531804742396
landsat_monthly_2021_07.tif,GEE_exports_monthly_composites/landsat_monthly_2021_07.tif,2021,7,2021-07-01,18630,100.0,0.5745245814323425,0.5816212892532349,13246,71.1003757380569,138,135,7,EPSG:4326,868.4531804742396
landsat_monthly_2021_08.tif,GEE_exports_monthly_composites/landsat_monthly_2021_08.tif,2021,8,2021-08-01,3648,19.581320450885666,0.522838830947876,0.513991117477417,1968,53.94736842105263,138,135,7,EPSG:4326,868.4531804742396
landsat_monthly_2021_09.tif,GEE_exports_monthly_composites/landsat_monthly_2021_09.tif,2021,9,2021-09-01,18630,100.0,0.4696023166179657,0.4553474187850952,7216,38.73322597960279,138,135,7,EPSG:4326,868.4531804742396
landsat_monthly_2021_10.tif,GEE_exports_monthly_composites/landsat_monthly_2021_10.tif,2021,10,2021-10-01,18630,100.0,0.43944206833839417,0.4272969961166382,5213,27.981749865807835,138,135,7,EPSG:4326,868.4531804742396
landsat_monthly_2021_11.tif,GEE_exports_monthly_composites/landsat_monthly_2021_11.tif,2021,11,2021-11-01,11763,63.14009661835749,0.7902934551239014,0.8294079303741455,11552,98.2062399047862,138,135,7,EPSG:4326,868.4531804742396
landsat_monthly_2021_12.tif,GEE_exports_monthly_composites/landsat_monthly_2021_12.tif,2021,12,2021-12-01,8499,45.61996779388084,0.808908224105835,0.8429832458496094,8430,99.18813978115072,138,135,7,EPSG:4326,868.4531804742396
landsat_monthly_2022_01.tif,GEE_exports_monthly_composites/landsat_monthly_2022_01.tif,2022,1,2022-01-01,5015,26.918947933440684,0.8087629079818726,0.843475341796875,4975,99.20239282153538,138,135,7,EPSG:4326,868.4531804742396
landsat_monthly_2022_02.tif,GEE_exports_monthly_composites/landsat_monthly_2022_02.tif,2022,2,2022-02-01,16498,88.55609232420827,0.797450065612793,0.8257479667663574,16265,98.58770760092132,138,135,7,EPSG:4326,868.4531804742396
landsat_monthly_2022_03.tif,GEE_exports_monthly_composites/landsat_monthly_2022_03.tif,2022,3,2022-03-01,13374,71.78743961352657,0.7646341919898987,0.7869366407394409,13169,98.46717511589651,138,135,7,EPSG:4326,868.4531804742396
landsat_monthly_2022_04.tif,GEE_exports_monthly_composites/landsat_monthly_2022_04.tif,2022,4,2022-04-01,18630,100.0,0.7520456910133362,0.7889730334281921,18039,96.82769726247987,138,135,7,EPSG:4326,868.4531804742396
landsat_monthly_2022_05.tif,GEE_exports_monthly_composites/landsat_monthly_2022_05.tif,2022,5,2022-05-01,18473,99.15727321524423,0.7740229368209839,0.7914838194847107,18204,98.5438207113084,138,135,7,EPSG:4326,868.4531804742396
landsat_monthly_2022_06.tif,GEE_exports_monthly_composites/landsat_monthly_2022_06.tif,2022,6,2022-06-01,15717,84.36392914653784,0.764155387878418,0.7946013808250427,15292,97.29592161353948,138,135,7,EPSG:4326,868.4531804742396
landsat_monthly_2022_07.tif,GEE_exports_monthly_composites/landsat_monthly_2022_07.tif,2022,7,2022-07-01,16173,86.81159420289855,0.7413933873176575,0.7610724568367004,15808,97.74315216719224,138,135,7,EPSG:4326,868.4531804742396
landsat_monthly_2022_08.tif,GEE_exports_monthly_composites/landsat_monthly_2022_08.tif,2022,8,2022-08-01,18630,100.0,0.7284541726112366,0.7560293674468994,18038,96.82232957595276,138,135,7,EPSG:4326,868.4531804742396
landsat_monthly_2022_09.tif,GEE_exports_monthly_composites/landsat_monthly_2022_09.tif,2022,9,2022-09-01,18630,100.0,0.6625635027885437,0.6786561608314514,16933,90.89103596349973,138,135,7,EPSG:4326,868.4531804742396
landsat_monthly_2022_10.tif,GEE_exports_monthly_composites/landsat_monthly_2022_10.tif,2022,10,2022-10-01,15142,81.27750939345142,0.651530385017395,0.6676093339920044,13534,89.38053097345133,138,135,7,EPSG:4326,868.4531804742396
landsat_monthly_2022_11.tif,GEE_exports_monthly_composites/landsat_monthly_2022_11.tif,2022,11,2022-11-01,35,0.1878690284487386,0.7092681527137756,0.694796621799469,35,100.0,138,135,7,EPSG:4326,868.4531804742396
landsat_monthly_2022_12.tif,GEE_exports_monthly_composites/landsat_monthly_2022_12.tif,2022,12,2022-12-01,9509,51.041331186258724,0.7961905598640442,0.8143666982650757,9468,99.56882952991903,138,135,7,EPSG:4326,868.4531804742396
landsat_monthly_2023_01.tif,GEE_exports_monthly_composites/landsat_monthly_2023_01.tif,2023,1,2023-01-01,10981,58.94256575415996,0.7896732091903687,0.8165253400802612,10767,98.05117930971679,138,135,7,EPSG:4326,868.4531804742396
landsat_monthly_2023_02.tif,GEE_exports_monthly_composites/landsat_monthly_2023_02.tif,2023,2,2023-02-01,14725,79.03918411164787,0.808954119682312,0.8399040102958679,14520,98.60780984719865,138,135,7,EPSG:4326,868.4531804742396
landsat_monthly_2023_03.tif,GEE_exports_monthly_composites/landsat_monthly_2023_03.tif,2023,3,2023-03-01,17231,92.49060654857756,0.7775099277496338,0.81268709897995,16705,96.94736231211189,138,135,7,EPSG:4326,868.4531804742396
landsat_monthly_2023_04.tif,GEE_exports_monthly_composites/landsat_monthly_2023_04.tif,2023,4,2023-04-01,17866,95.8990874932904,0.7686544060707092,0.819918692111969,16993,95.11362364267325,138,135,7,EPSG:4326,868.4531804742396
landsat_monthly_2023_05.tif,GEE_exports_monthly_composites/landsat_monthly_2023_05.tif,2023,5,2023-05-01,10532,56.53247450348899,0.7770830988883972,0.8131894469261169,10242,97.24648689707558,138,135,7,EPSG:4326,868.4531804742396
landsat_monthly_2023_06.tif,GEE_exports_monthly_composites/landsat_monthly_2023_06.tif,2023,6,2023-06-01,18416,98.85131508319914,0.7634138464927673,0.7965517044067383,17898,97.18722849695916,138,135,7,EPSG:4326,868.4531804742396
landsat_monthly_2023_07.tif,GEE_exports_monthly_composites/landsat_monthly_2023_07.tif,2023,7,2023-07-01,18630,100.0,0.700973391532898,0.7322902679443359,17190,92.27053140096618,138,135,7,EPSG:4326,868.4531804742396
landsat_monthly_2023_08.tif,GEE_exports_monthly_composites/landsat_monthly_2023_08.tif,2023,8,2023-08-01,18580,99.73161567364465,0.6540957689285278,0.6659736037254333,16484,88.71905274488697,138,135,7,EPSG:4326,868.4531804742396
landsat_monthly_2023_09.tif,GEE_exports_monthly_composites/landsat_monthly_2023_09.tif,2023,9,2023-09-01,11333,60.83199141170156,0.6414533257484436,0.6514840722084045,9769,86.19959410570898,138,135,7,EPSG:4326,868.4531804742396
landsat_monthly_2023_10.tif,GEE_exports_monthly_composites/landsat_monthly_2023_10.tif,2023,10,2023-10-01,18314,98.30381105743425,0.5145992636680603,0.5089249610900879,9671,52.8065960467402,138,135,7,EPSG:4326,868.4531804742396
landsat_monthly_2023_11.tif,GEE_exports_monthly_composites/landsat_monthly_2023_11.tif,2023,11,2023-11-01,18630,100.0,0.48484644293785095,0.4786662459373474,8262,44.34782608695652,138,135,7,EPSG:4326,868.4531804742396
landsat_monthly_2023_12.tif,GEE_exports_monthly_composites/landsat_monthly_2023_12.tif,2023,12,2023-12-01,5018,26.93505099302201,0.43909329175949097,0.423939049243927,1597,31.825428457552814,138,135,7,EPSG:4326,868.4531804742396
landsat_monthly_2024_01.tif,GEE_exports_monthly_composites/landsat_monthly_2024_01.tif,2024,1,2024-01-01,14818,79.53837895866882,0.6797730922698975,0.7193032503128052,12482,84.23538939128088,138,135,7,EPSG:4326,868.4531804742396
landsat_monthly_2024_02.tif,GEE_exports_monthly_composites/landsat_monthly_2024_02.tif,2024,2,2024-02-01,12981,69.6779388083736,0.7994397282600403,0.8418254256248474,12561,96.76450196440952,138,135,7,EPSG:4326,868.4531804742396
landsat_monthly_2024_03.tif,GEE_exports_monthly_composites/landsat_monthly_2024_03.tif,2024,3,2024-03-01,18630,100.0,0.7968803644180298,0.8381495475769043,18110,97.20880300590446,138,135,7,EPSG:4326,868.4531804742396
landsat_monthly_2024_04.tif,GEE_exports_monthly_composites/landsat_monthly_2024_04.tif,2024,4,2024-04-01,11779,63.22597960279119,0.7643070816993713,0.7845700979232788,11521,97.8096612615672,138,135,7,EPSG:4326,868.4531804742396
landsat_monthly_2024_05.tif,GEE_exports_monthly_composites/landsat_monthly_2024_05.tif,2024,5,2024-05-01,18630,100.0,0.8256451487541199,0.8535387516021729,18465,99.11433172302738,138,135,7,EPSG:4326,868.4531804742396
landsat_monthly_2024_06.tif,GEE_exports_monthly_composites/landsat_monthly_2024_06.tif,2024,6,2024-06-01,18628,99.98926462694578,0.8035853505134583,0.827295184135437,18467,99.13570968434614,138,135,7,EPSG:4326,868.4531804742396
landsat_monthly_2024_07.tif,GEE_exports_monthly_composites/landsat_monthly_2024_07.tif,2024,7,2024-07-01,17358,93.17230273752013,0.7985826134681702,0.8245912790298462,17145,98.77290010369857,138,135,7,EPSG:4326,868.4531804742396
landsat_monthly_2024_08.tif,GEE_exports_monthly_composites/landsat_monthly_2024_08.tif,2024,8,2024-08-01,16886,90.63875469672571,0.7172678709030151,0.7330220341682434,16240,96.17434561174937,138,135,7,EPSG:4326,868.4531804742396
landsat_monthly_2024_09.tif,GEE_exports_monthly_composites/landsat_monthly_2024_09.tif,2024,9,2024-09-01,17348,93.11862587224905,0.626568078994751,0.6234451532363892,14876,85.75051879179156,138,135,7,EPSG:4326,868.4531804742396
landsat_monthly_2024_10.tif,GEE_exports_monthly_composites/landsat_monthly_2024_10.tif,2024,10,2024-10-01,14104,75.70585077831454,0.5988578200340271,0.5969856977462769,10943,77.58791832104367,138,135,7,EPSG:4326,868.4531804742396
landsat_monthly_2024_11.tif,GEE_exports_monthly_composites/landsat_monthly_2024_11.tif,2024,11,2024-11-01,9190,49.32903918411165,0.6138712167739868,0.6275566816329956,7664,83.3949945593036,138,135,7,EPSG:4326,868.4531804742396
landsat_monthly_2024_12.tif,GEE_exports_monthly_composites/landsat_monthly_2024_12.tif,2024,12,2024-12-01,3009,16.151368760064415,0.7224685549736023,0.7500911951065063,2854,94.8487869724161,138,135,7,EPSG:4326,868.4531804742396
landsat_monthly_2025_01.tif,GEE_exports_monthly_composites/landsat_monthly_2025_01.tif,2025,1,2025-01-01,3432,18.421900161030596,0.8004220724105835,0.8319146037101746,3396,98.95104895104895,138,135,7,EPSG:4326,868.4531804742396
landsat_monthly_2025_02.tif,GEE_exports_monthly_composites/landsat_monthly_2025_02.tif,2025,2,2025-02-01,1590,8.53462157809984,0.795394778251648,0.7947660684585571,1588,99.87421383647799,138,135,7,EPSG:4326,868.4531804742396
landsat_monthly_2025_03.tif,GEE_exports_monthly_composites/landsat_monthly_2025_03.tif,2025,3,2025-03-01,16150,86.68813741277509,0.722728967666626,0.7501922845840454,15505,96.0061919504644,138,135,7,EPSG:4326,868.4531804742396
landsat_monthly_2025_04.tif,GEE_exports_monthly_composites/landsat_monthly_2025_04.tif,2025,4,2025-04-01,16025,86.01717659688674,0.7599816918373108,0.79374098777771,15666,97.7597503900156,138,135,7,EPSG:4326,868.4531804742396
landsat_monthly_2025_05.tif,GEE_exports_monthly_composites/landsat_monthly_2025_05.tif,2025,5,2025-05-01,834,4.476650563607086,0.8649949431419373,0.8829517364501953,834,100.0,138,135,7,EPSG:4326,868.4531804742396
landsat_monthly_2025_06.tif,GEE_exports_monthly_composites/landsat_monthly_2025_06.tif,2025,6,2025-06-01,18630,100.0,0.7414827942848206,0.7637617588043213,18281,98.12667740203972,138,135,7,EPSG:4326,868.4531804742396
landsat_monthly_2025_07.tif,GEE_exports_monthly_composites/landsat_monthly_2025_07.tif,2025,7,2025-07-01,12463,66.89747718733226,0.6548377871513367,0.675723135471344,10760,86.33555323758326,138,135,7,EPSG:4326,868.4531804742396
landsat_monthly_2025_08.tif,GEE_exports_monthly_composites/landsat_monthly_2025_08.tif,2025,8,2025-08-01,12945,69.48470209339774,0.5706469416618347,0.5795205235481262,8735,67.47779065276168,138,135,7,EPSG:4326,868.4531804742396
landsat_monthly_2025_09.tif,GEE_exports_monthly_composites/landsat_monthly_2025_09.tif,2025,9,2025-09-01,18629,99.99463231347289,0.49252650141716003,0.4827443063259125,8617,46.25583767244619,138,135,7,EPSG:4326,868.4531804742396
landsat_monthly_2025_10.tif,GEE_exports_monthly_composites/landsat_monthly_2025_10.tif,2025,10,2025-10-01,14070,75.52334943639292,0.49448296427726746,0.4876441955566406,6618,47.0362473347548,138,135,7,EPSG:4326,868.4531804742396
landsat_monthly_2025_11.tif,GEE_exports_monthly_composites/landsat_monthly_2025_11.tif,2025,11,2025-11-01,529,2.8395061728395063,0.5921502113342285,0.5748434662818909,418,79.01701323251417,138,135,7,EPSG:4326,868.4531804742396
landsat_monthly_2025_12.tif,GEE_exports_monthly_composites/landsat_monthly_2025_12.tif,2025,12,2025-12-01,2354,12.635534084809446,0.7062665224075317,0.7095823884010315,2282,96.94137638062872,138,135,7,EPSG:4326,868.4531804742396
landsat_monthly_2026_01.tif,GEE_exports_monthly_composites/landsat_monthly_2026_01.tif,2026,1,2026-01-01,4345,23.322597960279122,0.782223641872406,0.8124485611915588,4228,97.30724971231301,138,135,7,EPSG:4326,868.4531804742396
landsat_monthly_2026_02.tif,GEE_exports_monthly_composites/landsat_monthly_2026_02.tif,2026,2,2026-02-01,10045,53.91841116478797,0.6638745069503784,0.6766401529312134,8998,89.57690393230463,138,135,7,EPSG:4326,868.4531804742396
landsat_monthly_2026_03.tif,GEE_exports_monthly_composites/landsat_monthly_2026_03.tif,2026,3,2026-03-01,2883,15.475040257648953,0.7521636486053467,0.7581415772438049,2851,98.89004509191814,138,135,7,EPSG:4326,868.4531804742396
landsat_monthly_2026_04.tif,GEE_exports_monthly_composites/landsat_monthly_2026_04.tif,2026,4,2026-04-01,7987,42.871712292002144,0.7941276431083679,0.8368565440177917,7661,95.91836734693877,138,135,7,EPSG:4326,868.4531804742396
landsat_monthly_2026_05.tif,GEE_exports_monthly_composites/landsat_monthly_2026_05.tif,2026,5,2026-05-01,17267,92.68384326355341,0.7826759219169617,0.8098320364952087,17040,98.68535356460299,138,135,7,EPSG:4326,868.4531804742396
