file,valid_pixels,valid_pct,pred_pixels,pred_pct,mean_ndvi,median_ndvi,green_pixels,green_pct,year,month,date,bad_valid,bad_pred,bad_ndvi,bad_green,zero_green,bad_image,use,screen_reason
landsat_monthly_1990_01.tif,10690,57.380568974771876,8235,44.20289855072464,0.7165178656578064,0.7551977634429932,7806,94.79052823315118,1990,1,1990-01-01,False,False,False,False,False,False,True,
landsat_monthly_1990_03.tif,13674,73.39774557165862,10853,58.25550187869028,0.7045302987098694,0.7299411296844482,8967,82.62231641020917,1990,3,1990-03-01,False,False,False,False,False,False,True,
landsat_monthly_1990_04.tif,10744,57.67042404723565,8909,47.82071926999463,0.6647332310676575,0.6863769292831421,6503,72.99360197553037,1990,4,1990-04-01,False,False,False,False,False,False,True,
landsat_monthly_1991_01.tif,18287,98.15888352120237,18040,96.83306494900698,0.7344685792922974,0.7616579532623291,14184,78.62527716186253,1991,1,1991-01-01,False,False,False,False,False,False,True,
landsat_monthly_1991_02.tif,10427,55.96886741814278,7880,42.297369833601714,0.5653612613677979,0.5648037195205688,4841,61.434010152284266,1991,2,1991-02-01,False,False,False,False,False,False,True,
landsat_monthly_1991_04.tif,14952,80.25764895330113,13652,73.27965646806226,0.6316699385643005,0.6517252922058105,10840,79.40228537943158,1991,4,1991-04-01,False,False,False,False,False,False,True,
landsat_monthly_1991_07.tif,15265,81.93773483628556,13991,75.09930220075147,0.5404623746871948,0.5474351644515991,7252,51.83332142091345,1991,7,1991-07-01,False,False,False,False,False,False,True,
landsat_monthly_1991_10.tif,13509,72.512077294686,12105,64.97584541062803,0.3296652138233185,0.31581878662109375,3883,32.07765386204048,1991,10,1991-10-01,False,False,False,False,False,False,True,
landsat_monthly_1991_12.tif,18630,100.0,18630,100.0,0.7228453755378723,0.7456997036933899,14982,80.41867954911433,1991,12,1991-12-01,False,False,False,False,False,False,True,
landsat_monthly_1992_05.tif,7054,37.86366076221149,5418,29.082125603864732,0.5979212522506714,0.6096958518028259,4653,85.88039867109634,1992,5,1992-05-01,False,False,False,False,False,False,True,
landsat_monthly_1992_10.tif,18630,100.0,18630,100.0,0.3157825767993927,0.31847047805786133,14614,78.44337090713903,1992,10,1992-10-01,False,False,False,False,False,False,True,
landsat_monthly_1993_01.tif,7597,40.77831454643049,4400,23.617820719269993,0.6705140471458435,0.6838837265968323,4400,100.0,1993,1,1993-01-01,False,False,False,False,False,False,True,
landsat_monthly_1993_06.tif,13917,74.70209339774557,11434,61.374127750939344,0.47403684258461,0.49125203490257263,8351,73.03655763512332,1993,6,1993-06-01,False,False,False,False,False,False,True,
landsat_monthly_1993_08.tif,11612,62.32957595276436,8639,46.37144390767579,0.4664495587348938,0.4670467674732208,5350,61.92846394258594,1993,8,1993-08-01,False,False,False,False,False,False,True,
landsat_monthly_1993_09.tif,4482,24.057971014492754,2285,12.265163714439078,0.3008132576942444,0.28997647762298584,1108,48.49015317286652,1993,9,1993-09-01,False,False,False,False,False,False,True,
landsat_monthly_1993_11.tif,4840,25.979602791196992,2696,14.471282877079977,0.35123714804649353,0.34866440296173096,1498,55.56379821958457,1993,11,1993-11-01,False,False,False,False,False,False,True,
landsat_monthly_1994_02.tif,4927,26.446591519055286,2959,15.88298443370907,0.4888255298137665,0.5054321885108948,1215,41.06116931395742,1994,2,1994-02-01,False,False,False,False,False,False,True,
landsat_monthly_1994_05.tif,13883,74.51959205582394,12967,69.60279119699409,0.6697381138801575,0.7004300951957703,11485,88.5709878923421,1994,5,1994-05-01,False,False,False,False,False,False,True,
landsat_monthly_1994_07.tif,9635,51.717659688674175,5865,31.48148148148148,0.6217091679573059,0.626355767250061,3504,59.74424552429668,1994,7,1994-07-01,False,False,False,False,False,False,True,
landsat_monthly_1995_05.tif,17144,92.02361782071927,16484,88.48094471282877,0.6119700074195862,0.6461106538772583,12033,72.99805872361077,1995,5,1995-05-01,False,False,False,False,False,False,True,
landsat_monthly_1995_07.tif,18628,99.98926462694578,18628,99.98926462694578,0.6174972057342529,0.6449737548828125,13428,72.08503328322955,1995,7,1995-07-01,False,False,False,False,False,False,True,
landsat_monthly_1995_08.tif,7279,39.07139023081052,5152,27.65432098765432,0.563656747341156,0.5729925036430359,2894,56.172360248447205,1995,8,1995-08-01,False,False,False,False,False,False,True,
landsat_monthly_1995_09.tif,8682,46.60225442834138,7013,37.643585614600106,0.4890628159046173,0.5036715865135193,5026,71.66690432054756,1995,9,1995-09-01,False,False,False,False,False,False,True,
landsat_monthly_1995_10.tif,18129,97.31078904991949,17774,95.40526033279656,0.34031128883361816,0.3279116451740265,2284,12.85023067401823,1995,10,1995-10-01,False,False,False,False,False,False,True,
landsat_monthly_1996_01.tif,3517,18.878153515834676,3010,16.15673644659152,0.6199772357940674,0.640773355960846,2084,69.2358803986711,1996,1,1996-01-01,False,False,False,False,False,False,True,
landsat_monthly_1996_04.tif,18630,100.0,18630,100.0,0.6623602509498596,0.6973507404327393,12598,67.62211486849168,1996,4,1996-04-01,False,False,False,False,False,False,True,
landsat_monthly_1996_05.tif,5691,30.547504025764894,3643,19.554482018250134,0.5676432847976685,0.5812094807624817,2473,67.88361240735658,1996,5,1996-05-01,False,False,False,False,False,False,True,
landsat_monthly_1996_07.tif,5255,28.207192699946322,3458,18.561460010735374,0.5174083709716797,0.5170668959617615,1884,54.48235974551764,1996,7,1996-07-01,False,False,False,False,False,False,True,
landsat_monthly_1996_08.tif,16061,86.2104133118626,14704,78.92646269457863,0.39850232005119324,0.3830333650112152,4393,29.876224156692054,1996,8,1996-08-01,False,False,False,False,False,False,True,
landsat_monthly_1996_10.tif,16227,87.10144927536231,15401,82.66774020397209,0.34384310245513916,0.3313758373260498,4809,31.225245113953637,1996,10,1996-10-01,False,False,False,False,False,False,True,
landsat_monthly_1996_12.tif,14799,79.43639291465378,12973,69.63499731615673,0.6363747119903564,0.6748135685920715,10645,82.05503738533878,1996,12,1996-12-01,False,False,False,False,False,False,True,
landsat_monthly_1997_07.tif,17785,95.46430488459474,17057,91.55662909286097,0.7482466697692871,0.7710102796554565,13315,78.06179281233511,1997,7,1997-07-01,False,False,False,False,False,False,True,
landsat_monthly_1997_10.tif,18630,100.0,18630,100.0,0.516943633556366,0.5082259178161621,5622,30.177133655394524,1997,10,1997-10-01,False,False,False,False,False,False,True,
landsat_monthly_1997_11.tif,5591,30.010735373054214,3466,18.60440150295223,0.4578009247779846,0.4502106010913849,1805,52.077322562031156,1997,11,1997-11-01,False,False,False,False,False,False,True,
landsat_monthly_1998_09.tif,13606,73.03274288781535,12185,65.40526033279657,0.2994919419288635,0.2891019582748413,3794,31.13664341403365,1998,9,1998-09-01,False,False,False,False,False,False,True,
landsat_monthly_1998_10.tif,8537,45.823939881910896,7492,40.214707461084274,0.32231470942497253,0.3220563530921936,3247,43.33956219967966,1998,10,1998-10-01,False,False,False,False,False,False,True,
landsat_monthly_1998_11.tif,6601,35.432098765432094,6003,32.22222222222222,0.32532715797424316,0.2757754921913147,1208,20.12327169748459,1998,11,1998-11-01,False,False,False,False,False,False,True,
landsat_monthly_1998_12.tif,8391,45.0402576489533,6449,34.61621041331186,0.6426241993904114,0.6465192437171936,4017,62.28872693440843,1998,12,1998-12-01,False,False,False,False,False,False,True,
landsat_monthly_1999_03.tif,15008,80.55823939881911,13477,72.34031132581858,0.7103854417800903,0.7470564842224121,11844,87.8830600281962,1999,3,1999-03-01,False,False,False,False,False,False,True,
landsat_monthly_1999_06.tif,18411,98.82447665056361,18235,97.8797638217928,0.6901615858078003,0.7181029915809631,14806,81.19550315327666,1999,6,1999-06-01,False,False,False,False,False,False,True,
landsat_monthly_1999_08.tif,18630,100.0,18630,100.0,0.678067147731781,0.6993138790130615,10198,54.73966720343532,1999,8,1999-08-01,False,False,False,False,False,False,True,
landsat_monthly_1999_09.tif,18630,100.0,18630,100.0,0.5913388133049011,0.5983808040618896,7462,40.05367686527107,1999,9,1999-09-01,False,False,False,False,False,False,True,
landsat_monthly_2000_02.tif,9824,52.73215244229738,7040,37.788513150831996,0.7309123277664185,0.7585287690162659,6784,96.36363636363636,2000,2,2000-02-01,False,False,False,False,False,False,True,
landsat_monthly_2000_07.tif,14547,78.08373590982288,12492,67.05314009661836,0.5753510594367981,0.5778450965881348,6847,54.811079090617994,2000,7,2000-07-01,False,False,False,False,False,False,True,
landsat_monthly_2000_10.tif,17611,94.53032742887815,16879,90.60118089103597,0.398602694272995,0.3819664716720581,4144,24.55121748918775,2000,10,2000-10-01,False,False,False,False,False,False,True,
landsat_monthly_2000_11.tif,4410,23.67149758454106,1980,10.628019323671497,0.6466608047485352,0.6654638648033142,1468,74.14141414141415,2000,11,2000-11-01,False,False,False,False,False,False,True,
landsat_monthly_2000_12.tif,7425,39.85507246376812,5613,30.12882447665056,0.6288031339645386,0.6211898326873779,1957,34.86549082487084,2000,12,2000-12-01,False,False,False,False,False,False,True,
landsat_monthly_2001_01.tif,8786,47.160493827160494,5691,30.547504025764894,0.7388685941696167,0.7656059265136719,4315,75.82147250043928,2001,1,2001-01-01,False,False,False,False,False,False,True,
landsat_monthly_2001_02.tif,16889,90.65485775630702,16081,86.31776704240472,0.7039487957954407,0.7248701453208923,9660,60.070891113736714,2001,2,2001-02-01,False,False,False,False,False,False,True,
landsat_monthly_2001_03.tif,17125,91.92163177670423,16440,88.24476650563608,0.5792660713195801,0.583652913570404,6121,37.2323600973236,2001,3,2001-03-01,False,False,False,False,False,False,True,
landsat_monthly_2001_04.tif,18630,100.0,18630,100.0,0.5688856840133667,0.5860742330551147,9830,52.764358561460014,2001,4,2001-04-01,False,False,False,False,False,False,True,
landsat_monthly_2001_05.tif,12369,66.39291465378422,9959,53.456790123456784,0.5402161478996277,0.5429573655128479,4658,46.77176423335676,2001,5,2001-05-01,False,False,False,False,False,False,True,
landsat_monthly_2001_07.tif,17925,96.2157809983897,17525,94.06870638754697,0.5300622582435608,0.5370982885360718,8815,50.299572039942944,2001,7,2001-07-01,False,False,False,False,False,False,True,
landsat_monthly_2001_08.tif,4153,22.292002147074612,2313,12.415458937198068,0.4808812737464905,0.48740553855895996,1129,48.811067877215734,2001,8,2001-08-01,False,False,False,False,False,False,True,
landsat_monthly_2001_09.tif,18630,100.0,18630,100.0,0.3981056809425354,0.38173434138298035,4806,25.79710144927536,2001,9,2001-09-01,False,False,False,False,False,False,True,
landsat_monthly_2001_10.tif,18630,100.0,18630,100.0,0.36306077241897583,0.3437168002128601,3046,16.349973161567362,2001,10,2001-10-01,False,False,False,False,False,False,True,
landsat_monthly_2001_11.tif,18630,100.0,18630,100.0,0.4840526878833771,0.48452818393707275,7158,38.4219001610306,2001,11,2001-11-01,False,False,False,False,False,False,True,
landsat_monthly_2001_12.tif,15667,84.0955448201825,14461,77.62211486849168,0.606819748878479,0.6293954253196716,9220,63.757693105594356,2001,12,2001-12-01,False,False,False,False,False,False,True,
landsat_monthly_2002_02.tif,14404,77.3161567364466,12715,68.25013419216319,0.7367845177650452,0.7674206495285034,11073,87.08611875737317,2002,2,2002-02-01,False,False,False,False,False,False,True,
landsat_monthly_2002_03.tif,5882,31.572732152442295,3025,16.23725174449812,0.7244561910629272,0.7664802670478821,2513,83.07438016528926,2002,3,2002-03-01,False,False,False,False,False,False,True,
landsat_monthly_2002_04.tif,5874,31.529790660225444,4307,23.11862587224906,0.7196913361549377,0.7386194467544556,3795,88.11237520315765,2002,4,2002-04-01,False,False,False,False,False,False,True,
landsat_monthly_2002_05.tif,18630,100.0,18630,100.0,0.6849014759063721,0.7123605608940125,12758,68.48094471282877,2002,5,2002-05-01,False,False,False,False,False,False,True,
landsat_monthly_2002_08.tif,17396,93.37627482555018,17017,91.3419216317767,0.5492869019508362,0.5471729040145874,5142,30.216841981547866,2002,8,2002-08-01,False,False,False,False,False,False,True,
landsat_monthly_2002_09.tif,18630,100.0,18630,100.0,0.4062651991844177,0.39269909262657166,4134,22.19001610305958,2002,9,2002-09-01,False,False,False,False,False,False,True,
landsat_monthly_2002_10.tif,8560,45.94739667203435,6532,35.06172839506173,0.5578590631484985,0.5682973861694336,4523,69.24372320881812,2002,10,2002-10-01,False,False,False,False,False,False,True,
landsat_monthly_2002_11.tif,17987,96.54857756307031,17575,94.3370907139023,0.4913789629936218,0.4969485104084015,4902,27.89189189189189,2002,11,2002-11-01,False,False,False,False,False,False,True,
landsat_monthly_2002_12.tif,5130,27.536231884057973,3516,18.872785829307567,0.5691483616828918,0.5908106565475464,3007,85.52332195676907,2002,12,2002-12-01,False,False,False,False,False,False,True,
landsat_monthly_2003_01.tif,18630,100.0,18630,100.0,0.7393472790718079,0.7763043642044067,14566,78.1857219538379,2003,1,2003-01-01,False,False,False,False,False,False,True,
landsat_monthly_2003_03.tif,4574,24.55179817498658,3573,19.178743961352655,0.5736687779426575,0.5887042880058289,2603,72.85194514413658,2003,3,2003-03-01,False,False,False,False,False,False,True,
landsat_monthly_2003_04.tif,4662,25.02415458937198,3642,19.54911433172303,0.5806810855865479,0.6092658042907715,2677,73.50356946732565,2003,4,2003-04-01,False,False,False,False,False,False,True,
landsat_monthly_2003_08.tif,12328,66.17283950617285,8374,44.94900697799248,0.5189443230628967,0.5171061754226685,3021,36.075949367088604,2003,8,2003-08-01,False,False,False,False,False,False,True,
landsat_monthly_2003_09.tif,12546,67.34299516908212,8340,44.76650563607085,0.4480287432670593,0.43702876567840576,2279,27.32613908872902,2003,9,2003-09-01,False,False,False,False,False,False,True,
landsat_monthly_2003_10.tif,16991,91.20236178207193,16519,88.6688137412775,0.3400368392467499,0.32259753346443176,3743,22.658756583328287,2003,10,2003-10-01,False,False,False,False,False,False,True,
landsat_monthly_2003_11.tif,5800,31.132581857219538,2968,15.931293612453032,0.2904834449291229,0.2736949324607849,653,22.001347708894876,2003,11,2003-11-01,False,False,False,False,False,False,True,
landsat_monthly_2003_12.tif,18630,100.0,18630,100.0,0.3034592568874359,0.29093289375305176,3046,16.349973161567362,2003,12,2003-12-01,False,False,False,False,False,False,True,
landsat_monthly_2004_01.tif,16217,87.04777241009126,15432,82.8341384863124,0.28985995054244995,0.27797043323516846,4513,29.244427164333853,2004,1,2004-01-01,False,False,False,False,False,False,True,
landsat_monthly_2004_03.tif,3723,19.98389694041868,2276,12.216854535695115,0.7668317556381226,0.7839235067367554,2276,100.0,2004,3,2004-03-01,False,False,False,False,False,False,True,
landsat_monthly_2004_07.tif,7154,38.400429414922165,4767,25.587761674718195,0.6728260517120361,0.6911421418190002,3117,65.38703587161737,2004,7,2004-07-01,False,False,False,False,False,False,True,
landsat_monthly_2004_08.tif,18395,98.7385936661299,18304,98.25013419216317,0.5972957015037537,0.6095119118690491,10835,59.19471153846154,2004,8,2004-08-01,False,False,False,False,False,False,True,
landsat_monthly_2004_09.tif,4688,25.163714439076756,2451,13.15619967793881,0.4383190870285034,0.42935311794281006,735,29.98776009791922,2004,9,2004-09-01,False,False,False,False,False,False,True,
landsat_monthly_2004_10.tif,11628,62.41545893719807,8215,44.0955448201825,0.3744063675403595,0.3524949550628662,2726,33.183201460742545,2004,10,2004-10-01,False,False,False,False,False,False,True,
landsat_monthly_2004_12.tif,12239,65.69511540526032,9269,49.75308641975308,0.7259873747825623,0.7579892873764038,7265,78.37954471895566,2004,12,2004-12-01,False,False,False,False,False,False,True,
landsat_monthly_2005_01.tif,18630,100.0,18630,100.0,0.6553730368614197,0.6796181797981262,9958,53.45142243692968,2005,1,2005-01-01,False,False,False,False,False,False,True,
landsat_monthly_2005_02.tif,9130,49.00697799248524,7858,42.17928073000537,0.6923154592514038,0.7124113440513611,7621,96.98396538559429,2005,2,2005-02-01,False,False,False,False,False,False,True,
landsat_monthly_2005_04.tif,6104,32.764358561460014,3967,21.293612453032743,0.7313368320465088,0.7602331638336182,3544,89.33703050163851,2005,4,2005-04-01,False,False,False,False,False,False,True,
landsat_monthly_2005_05.tif,13771,73.91841116478798,11035,59.23242082662372,0.6007813811302185,0.6172009706497192,8550,77.48074309016765,2005,5,2005-05-01,False,False,False,False,False,False,True,
landsat_monthly_2005_06.tif,18630,100.0,18630,100.0,0.6696280241012573,0.6928565502166748,14262,76.55394524959742,2005,6,2005-06-01,False,False,False,False,False,False,True,
landsat_monthly_2005_07.tif,8866,47.58990874932904,6226,33.419216317767045,0.647533655166626,0.6646209955215454,2496,40.089945390298745,2005,7,2005-07-01,False,False,False,False,False,False,True,
landsat_monthly_2005_08.tif,5022,26.956521739130434,2574,13.816425120772946,0.6495640873908997,0.6477153301239014,1423,55.28360528360528,2005,8,2005-08-01,False,False,False,False,False,False,True,
landsat_monthly_2005_10.tif,18630,100.0,18630,100.0,0.37579572200775146,0.35751640796661377,3302,17.72410091250671,2005,10,2005-10-01,False,False,False,False,False,False,True,
landsat_monthly_2005_12.tif,7699,41.32581857219538,3894,20.901771336553946,0.5415161848068237,0.49020829796791077,688,17.668207498715972,2005,12,2005-12-01,False,False,False,False,False,False,True,
landsat_monthly_2006_02.tif,9784,52.5174449812131,5722,30.713902308105208,0.5123798847198486,0.5366623997688293,3600,62.91506466270535,2006,2,2006-02-01,False,False,False,False,False,False,True,
landsat_monthly_2006_03.tif,18630,100.0,18630,100.0,0.48530659079551697,0.5023629665374756,6342,34.04186795491143,2006,3,2006-03-01,False,False,False,False,False,False,True,
landsat_monthly_2006_05.tif,9212,49.447128287708,4931,26.468062265163717,0.7051460146903992,0.7367157936096191,4473,90.71182315960252,2006,5,2006-05-01,False,False,False,False,False,False,True,
landsat_monthly_2006_06.tif,7354,39.47396672034353,4887,26.231884057971016,0.6826134920120239,0.7121046781539917,4417,90.38264784121137,2006,6,2006-06-01,False,False,False,False,False,False,True,
landsat_monthly_2006_09.tif,14558,78.14278046162104,12642,67.85829307568439,0.47151854634284973,0.4670736789703369,5657,44.74766650846385,2006,9,2006-09-01,False,False,False,False,False,False,True,
landsat_monthly_2006_12.tif,18630,100.0,18630,100.0,0.757821261882782,0.7854213714599609,14726,79.044551798175,2006,12,2006-12-01,False,False,False,False,False,False,True,
landsat_monthly_2007_01.tif,18630,100.0,18630,100.0,0.7098233103752136,0.7368239164352417,11574,62.1256038647343,2007,1,2007-01-01,False,False,False,False,False,False,True,
landsat_monthly_2007_03.tif,6967,37.396672034353195,4344,23.317230273752013,0.7795141339302063,0.8013029098510742,4130,95.07366482504605,2007,3,2007-03-01,False,False,False,False,False,False,True,
landsat_monthly_2007_04.tif,18630,100.0,18630,100.0,0.7468241453170776,0.7758513689041138,13942,74.83628556092324,2007,4,2007-04-01,False,False,False,False,False,False,True,
landsat_monthly_2007_05.tif,18630,100.0,18630,100.0,0.6865965723991394,0.702284574508667,10694,57.4020397208803,2007,5,2007-05-01,False,False,False,False,False,False,True,
landsat_monthly_2007_06.tif,11206,60.150295222758984,8860,47.557702630166396,0.6489360332489014,0.6642247438430786,6732,75.98194130925508,2007,6,2007-06-01,False,False,False,False,False,False,True,
landsat_monthly_2007_07.tif,5014,26.913580246913583,2704,14.514224369296832,0.5836856961250305,0.596390962600708,2704,100.0,2007,7,2007-07-01,False,False,False,False,False,False,True,
landsat_monthly_2007_08.tif,13888,74.54643048845946,12540,67.31078904991948,0.5263949036598206,0.521690845489502,2636,21.0207336523126,2007,8,2007-08-01,False,False,False,False,False,False,True,
landsat_monthly_2007_09.tif,8157,43.78421900161031,6190,33.22597960279119,0.5462142825126648,0.5447974801063538,3115,50.323101777059776,2007,9,2007-09-01,False,False,False,False,False,False,True,
landsat_monthly_2008_01.tif,6624,35.55555555555556,3989,21.411701556629094,0.7231478691101074,0.7478285431861877,3150,78.96715968914515,2008,1,2008-01-01,False,False,False,False,False,False,True,
landsat_monthly_2008_02.tif,16183,86.86527106816962,14687,78.83521202361781,0.6832382678985596,0.7115939855575562,12632,86.00803431606182,2008,2,2008-02-01,False,False,False,False,False,False,True,
landsat_monthly_2008_04.tif,17583,94.38003220611915,17161,92.11486849168008,0.6482782959938049,0.7127161622047424,16214,94.48167356214672,2008,4,2008-04-01,False,False,False,False,False,False,True,
landsat_monthly_2008_05.tif,18630,100.0,18630,100.0,0.6061034202575684,0.6233578324317932,12406,66.59151905528718,2008,5,2008-05-01,False,False,False,False,False,False,True,
landsat_monthly_2008_06.tif,10164,54.55716586151369,7851,42.14170692431562,0.5160180926322937,0.5216249227523804,5043,64.2338555598013,2008,6,2008-06-01,False,False,False,False,False,False,True,
landsat_monthly_2008_07.tif,5723,30.719269994632313,3088,16.57541599570585,0.5946870446205139,0.5959876179695129,652,21.1139896373057,2008,7,2008-07-01,False,False,False,False,False,False,True,
landsat_monthly_2008_08.tif,18630,100.0,18630,100.0,0.5183508992195129,0.5171815156936646,5318,28.545356951154055,2008,8,2008-08-01,False,False,False,False,False,False,True,
landsat_monthly_2008_09.tif,17517,94.02576489533011,16694,89.6081588835212,0.4518541395664215,0.4460231363773346,4947,29.633401221995925,2008,9,2008-09-01,False,False,False,False,False,False,True,
landsat_monthly_2008_10.tif,18630,100.0,18630,100.0,0.35250821709632874,0.33318930864334106,4326,23.22061191626409,2008,10,2008-10-01,False,False,False,False,False,False,True,
landsat_monthly_2008_11.tif,16319,87.59527643585615,14597,78.35212023617821,0.2922000288963318,0.2809256315231323,3101,21.244091251627047,2008,11,2008-11-01,False,False,False,False,False,False,True,
landsat_monthly_2008_12.tif,18629,99.99463231347289,18629,99.99463231347289,0.530809223651886,0.5383474826812744,5926,31.810617853883727,2008,12,2008-12-01,False,False,False,False,False,False,True,
landsat_monthly_2009_01.tif,10905,58.534621578099845,8247,44.267310789049915,0.7682598829269409,0.7965431213378906,7636,92.59124530132169,2009,1,2009-01-01,False,False,False,False,False,False,True,
landsat_monthly_2009_03.tif,9074,48.70638754696726,6050,32.47450348899624,0.4686243534088135,0.4710954427719116,3408,56.33057851239669,2009,3,2009-03-01,False,False,False,False,False,False,True,
landsat_monthly_2009_05.tif,11962,64.20826623725175,9605,51.55662909286097,0.6767140030860901,0.7102543115615845,8666,90.22384174908902,2009,5,2009-05-01,False,False,False,False,False,False,True,
landsat_monthly_2009_06.tif,12887,69.17337627482554,11346,60.90177133655394,0.6276334524154663,0.6368401050567627,5134,45.24942711087608,2009,6,2009-06-01,False,False,False,False,False,False,True,
landsat_monthly_2009_07.tif,12836,68.8996242619431,8744,46.93505099302201,0.6091864705085754,0.6146888732910156,5373,61.44784995425434,2009,7,2009-07-01,False,False,False,False,False,False,True,
landsat_monthly_2009_08.tif,8237,44.21363392377885,4087,21.93773483628556,0.46655482053756714,0.4661061465740204,1081,26.44971862001468,2009,8,2009-08-01,False,False,False,False,False,False,True,
landsat_monthly_2009_09.tif,5274,28.309178743961354,3860,20.719269994632313,0.3562440276145935,0.34521472454071045,894,23.16062176165803,2009,9,2009-09-01,False,False,False,False,False,False,True,
landsat_monthly_2009_10.tif,12775,68.57219538378959,10769,57.80461621041331,0.403749018907547,0.3900560736656189,4417,41.01587891169097,2009,10,2009-10-01,False,False,False,False,False,False,True,
landsat_monthly_2009_11.tif,14964,80.3220611916264,13242,71.07890499194846,0.6406511068344116,0.6405264139175415,7871,59.439661682525305,2009,11,2009-11-01,False,False,False,False,False,False,True,
landsat_monthly_2009_12.tif,14347,77.01019860440151,11252,60.39720880300591,0.5853338837623596,0.6005915403366089,5240,46.56949875577675,2009,12,2009-12-01,False,False,False,False,False,False,True,
landsat_monthly_2010_01.tif,9458,50.76757917337628,7699,41.32581857219538,0.5776025652885437,0.5880258083343506,4918,63.87842576958046,2010,1,2010-01-01,False,False,False,False,False,False,True,
landsat_monthly_2010_02.tif,7893,42.36714975845411,5065,27.187332259796026,0.5035017132759094,0.5117324590682983,2552,50.38499506416585,2010,2,2010-02-01,False,False,False,False,False,False,True,
landsat_monthly_2010_04.tif,9854,52.89318303811057,7919,42.506709608158886,0.7542713284492493,0.7817219495773315,7663,96.7672685945195,2010,4,2010-04-01,False,False,False,False,False,False,True,
landsat_monthly_2010_05.tif,10667,57.25711218464842,8026,43.08105206655931,0.682702898979187,0.7215291857719421,7030,87.59033142287565,2010,5,2010-05-01,False,False,False,False,False,False,True,
landsat_monthly_2010_09.tif,17446,93.64465915190553,16577,88.9801395598497,0.5320575833320618,0.5214968919754028,3089,18.634252277251615,2010,9,2010-09-01,False,False,False,False,False,False,True,
landsat_monthly_2010_10.tif,18630,100.0,18630,100.0,0.43896570801734924,0.4210648536682129,3558,19.098228663446054,2010,10,2010-10-01,False,False,False,False,False,False,True,
landsat_monthly_2010_12.tif,10847,58.22329575952765,6628,35.577026301663984,0.666144073009491,0.6799530982971191,3824,57.69462884731442,2010,12,2010-12-01,False,False,False,False,False,False,True,
landsat_monthly_2011_01.tif,12365,66.37144390767578,9642,51.75523349436393,0.7165594696998596,0.7552242875099182,8004,83.01182327317984,2011,1,2011-01-01,False,False,False,False,False,False,True,
landsat_monthly_2011_02.tif,13754,73.82716049382717,12022,64.53032742887815,0.615742027759552,0.6299553513526917,7824,65.08068541008151,2011,2,2011-02-01,False,False,False,False,False,False,True,
landsat_monthly_2011_04.tif,8824,47.36446591519055,5160,27.697262479871178,0.6547573804855347,0.6713452935218811,4100,79.45736434108527,2011,4,2011-04-01,False,False,False,False,False,False,True,
landsat_monthly_2011_05.tif,8740,46.913580246913575,4958,26.6129898013956,0.5495004653930664,0.5572206974029541,2587,52.17829770068576,2011,5,2011-05-01,False,False,False,False,False,False,True,
landsat_monthly_2011_06.tif,18129,97.31078904991949,17736,95.2012882447665,0.4642883837223053,0.4681914746761322,5970,33.66035182679296,2011,6,2011-06-01,False,False,False,False,False,False,True,
landsat_monthly_2011_07.tif,7287,39.11433172302738,5881,31.567364465915194,0.4893347918987274,0.49950310587882996,3338,56.75905458255399,2011,7,2011-07-01,False,False,False,False,False,False,True,
landsat_monthly_2011_08.tif,11428,61.34192163177671,9672,51.91626409017714,0.4447762668132782,0.4368441104888916,4203,43.455334987593055,2011,8,2011-08-01,False,False,False,False,False,False,True,
landsat_monthly_2011_09.tif,17656,94.77187332259795,16853,90.46162104133118,0.37575533986091614,0.3610174059867859,3633,21.55699282026939,2011,9,2011-09-01,False,False,False,False,False,False,True,
landsat_monthly_2012_02.tif,8007,42.97906602254428,3737,20.059044551798173,0.6322607398033142,0.6487290859222412,2533,67.78164302916778,2012,2,2012-02-01,False,False,False,False,False,False,True,
landsat_monthly_2012_03.tif,13312,71.45464304884595,9489,50.93397745571659,0.49700647592544556,0.5138310790061951,5762,60.72294235430499,2012,3,2012-03-01,False,False,False,False,False,False,True,
landsat_monthly_2012_04.tif,9836,52.79656468062265,6071,32.58722490606549,0.4293600618839264,0.43523862957954407,3449,56.81106901663647,2012,4,2012-04-01,False,False,False,False,False,False,True,
landsat_monthly_2012_05.tif,13707,73.57487922705313,9538,51.196994095544824,0.42445674538612366,0.4341577887535095,4528,47.47326483539526,2012,5,2012-05-01,False,False,False,False,False,False,True,
landsat_monthly_2012_06.tif,9398,50.445517981749866,7011,37.632850241545896,0.37159955501556396,0.3740088939666748,2413,34.417344173441734,2012,6,2012-06-01,False,False,False,False,False,False,True,
landsat_monthly_2012_07.tif,11880,63.76811594202898,8135,43.666129898013956,0.38862937688827515,0.3766666650772095,3147,38.68469575906576,2012,7,2012-07-01,False,False,False,False,False,False,True,
landsat_monthly_2012_12.tif,13773,73.9291465378422,9793,52.56575415995706,0.48172080516815186,0.4911074638366699,4997,51.02624323496375,2012,12,2012-12-01,False,False,False,False,False,False,True,
landsat_monthly_2013_01.tif,7255,38.94256575415996,3953,21.218464841653248,0.4264651834964752,0.41799163818359375,1942,49.1272451302808,2013,1,2013-01-01,False,False,False,False,False,False,True,
landsat_monthly_2013_03.tif,16596,89.08212560386474,14495,77.80461621041331,0.4551559090614319,0.46175599098205566,4926,33.98413245946878,2013,3,2013-03-01,False,False,False,False,False,False,True,
landsat_monthly_2013_04.tif,6215,33.360171765968865,3828,20.547504025764894,0.6997038722038269,0.7719378471374512,3617,94.48798328108673,2013,4,2013-04-01,False,False,False,False,False,False,True,
landsat_monthly_2013_05.tif,18630,100.0,18630,100.0,0.6967309713363647,0.7371788024902344,16102,86.43048845947396,2013,5,2013-05-01,False,False,False,False,False,False,True,
landsat_monthly_2013_06.tif,4767,25.587761674718195,4049,21.733762748255504,0.8027583360671997,0.8151341676712036,3450,85.20622375895283,2013,6,2013-06-01,False,False,False,False,False,False,True,
landsat_monthly_2013_07.tif,18181,97.58990874932904,18020,96.72571121846484,0.6752897500991821,0.703869640827179,14513,80.53829078801333,2013,7,2013-07-01,False,False,False,False,False,False,True,
landsat_monthly_2013_08.tif,18630,100.0,18630,100.0,0.5449286103248596,0.546215295791626,5318,28.545356951154055,2013,8,2013-08-01,False,False,False,False,False,False,True,
landsat_monthly_2013_09.tif,5010,26.89210950080515,2234,11.991411701556629,0.5525088310241699,0.5324945449829102,1449,64.86123545210386,2013,9,2013-09-01,False,False,False,False,False,False,True,
landsat_monthly_2013_10.tif,17898,96.07085346215781,17259,92.64090177133656,0.40333226323127747,0.3852508068084717,3777,21.88423431253259,2013,10,2013-10-01,False,False,False,False,False,False,True,
landsat_monthly_2013_11.tif,10192,54.70746108427268,6514,34.9651100375738,0.34991922974586487,0.34374338388442993,488,7.491556647221369,2013,11,2013-11-01,False,False,False,False,False,False,True,
landsat_monthly_2013_12.tif,5121,27.48792270531401,2323,12.469135802469136,0.5964277982711792,0.6007886528968811,866,37.27938011192424,2013,12,2013-12-01,False,False,False,False,False,False,True,
landsat_monthly_2014_01.tif,7171,38.49168008588298,4751,25.501878690284485,0.6909202933311462,0.7162050604820251,3813,80.25678804462218,2014,1,2014-01-01,False,False,False,False,False,False,True,
landsat_monthly_2014_02.tif,14501,77.83682232957595,13294,71.35802469135803,0.7363466024398804,0.7776733040809631,10651,80.11885060929743,2014,2,2014-02-01,False,False,False,False,False,False,True,
landsat_monthly_2014_03.tif,14752,79.18411164787976,12924,69.3719806763285,0.6211372017860413,0.6487982869148254,8907,68.91829155060353,2014,3,2014-03-01,False,False,False,False,False,False,True,
landsat_monthly_2014_04.tif,18630,100.0,18630,100.0,0.5964228510856628,0.6182762384414673,10870,58.34675254965111,2014,4,2014-04-01,False,False,False,False,False,False,True,
landsat_monthly_2014_05.tif,16548,88.82447665056361,15081,80.95008051529791,0.5682392120361328,0.5857254266738892,8098,53.6967044625688,2014,5,2014-05-01,False,False,False,False,False,False,True,
landsat_monthly_2014_06.tif,12625,67.76704240472357,8762,47.03166935050993,0.47858431935310364,0.4907100200653076,4030,45.99406528189911,2014,6,2014-06-01,False,False,False,False,False,False,True,
landsat_monthly_2014_07.tif,12124,65.07783145464305,8532,45.79710144927536,0.4793054759502411,0.47564345598220825,3155,36.978434130332865,2014,7,2014-07-01,False,False,False,False,False,False,True,
landsat_monthly_2014_08.tif,14605,78.39506172839506,12806,68.7385936661299,0.5575016736984253,0.568005383014679,7613,59.44869592378572,2014,8,2014-08-01,False,False,False,False,False,False,True,
landsat_monthly_2014_09.tif,4475,24.020397208803008,3220,17.28395061728395,0.3952113687992096,0.3871421813964844,731,22.701863354037265,2014,9,2014-09-01,False,False,False,False,False,False,True,
landsat_monthly_2014_12.tif,11315,60.73537305421364,9362,50.25228126677403,0.7488514184951782,0.7791861891746521,8594,91.79662465285196,2014,12,2014-12-01,False,False,False,False,False,False,True,
landsat_monthly_2015_01.tif,16200,86.95652173913044,15372,82.512077294686,0.7286354303359985,0.7601983547210693,12490,81.25162633359355,2015,1,2015-01-01,False,False,False,False,False,False,True,
landsat_monthly_2015_02.tif,13748,73.79495437466453,10810,58.0246913580247,0.71492600440979,0.752657413482666,8734,80.79555966697502,2015,2,2015-02-01,False,False,False,False,False,False,True,
landsat_monthly_2015_03.tif,4286,23.005904455179817,1967,10.55823939881911,0.7127982378005981,0.7205074429512024,1469,74.68225724453482,2015,3,2015-03-01,False,False,False,False,False,False,True,
landsat_monthly_2015_04.tif,16511,88.62587224906065,15469,83.03274288781535,0.5954976081848145,0.6105230450630188,9750,63.029284375202025,2015,4,2015-04-01,False,False,False,False,False,False,True,
landsat_monthly_2015_05.tif,18586,99.76382179280729,18586,99.76382179280729,0.6254667043685913,0.648798942565918,10389,55.89691165393307,2015,5,2015-05-01,False,False,False,False,False,False,True,
landsat_monthly_2015_08.tif,6833,36.67740203972088,3209,17.224906065485776,0.5352073907852173,0.5305541753768921,1541,48.02119040199439,2015,8,2015-08-01,False,False,False,False,False,False,True,
landsat_monthly_2015_09.tif,18429,98.92109500805152,18429,98.92109500805152,0.5058832168579102,0.49663835763931274,5229,28.37375874979652,2015,9,2015-09-01,False,False,False,False,False,False,True,
landsat_monthly_2015_10.tif,18630,100.0,18630,100.0,0.4248112440109253,0.41061338782310486,2518,13.515834675254965,2015,10,2015-10-01,False,False,False,False,False,False,True,
landsat_monthly_2015_11.tif,18630,100.0,18630,100.0,0.4142540395259857,0.40175575017929077,2774,14.88996242619431,2015,11,2015-11-01,False,False,False,False,False,False,True,
landsat_monthly_2015_12.tif,17983,96.52710681696189,17827,95.68974771873323,0.6639583706855774,0.7004664540290833,12627,70.83076232680764,2015,12,2015-12-01,False,False,False,False,False,False,True,
landsat_monthly_2016_02.tif,18630,100.0,18630,100.0,0.762511134147644,0.8005303740501404,14278,76.63982823403114,2016,2,2016-02-01,False,False,False,False,False,False,True,
landsat_monthly_2016_03.tif,13049,70.04294149221685,10980,58.93719806763285,0.6872328519821167,0.717426061630249,7438,67.74134790528234,2016,3,2016-03-01,False,False,False,False,False,False,True,
landsat_monthly_2016_04.tif,14600,78.36822329575953,13173,70.7085346215781,0.6338394284248352,0.6632354259490967,9469,71.88187960221666,2016,4,2016-04-01,False,False,False,False,False,False,True,
landsat_monthly_2016_05.tif,17917,96.17283950617283,17605,94.49812130971551,0.5585601925849915,0.5730684995651245,9977,56.67140017040614,2016,5,2016-05-01,False,False,False,False,False,False,True,
landsat_monthly_2016_06.tif,18629,99.99463231347289,18629,99.99463231347289,0.537848949432373,0.5544900298118591,8854,47.528047667615006,2016,6,2016-06-01,False,False,False,False,False,False,True,
landsat_monthly_2016_07.tif,18630,100.0,18630,100.0,0.5804502964019775,0.5919968485832214,7638,40.99838969404187,2016,7,2016-07-01,False,False,False,False,False,False,True,
landsat_monthly_2016_08.tif,17901,96.08695652173913,17581,94.36929683306495,0.5065284371376038,0.5069646239280701,8777,49.92321255901257,2016,8,2016-08-01,False,False,False,False,False,False,True,
landsat_monthly_2016_09.tif,18630,100.0,18630,100.0,0.48240330815315247,0.4749147593975067,4870,26.140633387010197,2016,9,2016-09-01,False,False,False,False,False,False,True,
landsat_monthly_2016_11.tif,18630,100.0,18630,100.0,0.5831779837608337,0.6036231517791748,6662,35.75952764358561,2016,11,2016-11-01,False,False,False,False,False,False,True,
landsat_monthly_2016_12.tif,17703,95.02415458937197,17225,92.45840042941492,0.606406569480896,0.6367966532707214,11579,67.22206095791002,2016,12,2016-12-01,False,False,False,False,False,False,True,
landsat_monthly_2017_01.tif,18569,99.67257112184649,18569,99.67257112184649,0.5076148509979248,0.5166357159614563,5004,26.948139372071733,2017,1,2017-01-01,False,False,False,False,False,False,True,
landsat_monthly_2017_02.tif,10683,57.34299516908212,6776,36.3714439076758,0.49145230650901794,0.4948901832103729,3704,54.66351829988194,2017,2,2017-02-01,False,False,False,False,False,False,True,
landsat_monthly_2017_03.tif,14038,75.3515834675255,11194,60.08588298443372,0.39953407645225525,0.39521774649620056,4780,42.70144720385921,2017,3,2017-03-01,False,False,False,False,False,False,True,
landsat_monthly_2017_04.tif,7367,39.543746645195924,3417,18.341384863123995,0.601037323474884,0.6309870481491089,2042,59.760023412350016,2017,4,2017-04-01,False,False,False,False,False,False,True,
landsat_monthly_2017_05.tif,17511,93.99355877616748,17143,92.01825013419216,0.6972325444221497,0.7471116185188293,13864,80.87265939450504,2017,5,2017-05-01,False,False,False,False,False,False,True,
landsat_monthly_2017_06.tif,18630,100.0,18630,100.0,0.689140260219574,0.7374122738838196,14422,77.41277509393451,2017,6,2017-06-01,False,False,False,False,False,False,True,
landsat_monthly_2017_08.tif,13867,74.43370907139023,11409,61.23993558776167,0.6054443717002869,0.6224101185798645,7499,65.72881058813218,2017,8,2017-08-01,False,False,False,False,False,False,True,
landsat_monthly_2017_11.tif,4469,23.988191089640367,2388,12.818035426731079,0.6643683314323425,0.680211067199707,1415,59.25460636515913,2017,11,2017-11-01,False,False,False,False,False,False,True,
landsat_monthly_2017_12.tif,17960,96.40365002683843,17550,94.20289855072464,0.6563096046447754,0.6766884326934814,11206,63.85185185185185,2017,12,2017-12-01,False,False,False,False,False,False,True,
landsat_monthly_2018_01.tif,13486,72.38862050456252,10189,54.69135802469136,0.6157856583595276,0.6398013830184937,6527,64.05927961527136,2018,1,2018-01-01,False,False,False,False,False,False,True,
landsat_monthly_2018_02.tif,9617,51.621041331186255,6986,37.49865807836822,0.7097890973091125,0.7329555749893188,6507,93.14342971657601,2018,2,2018-02-01,False,False,False,False,False,False,True,
landsat_monthly_2018_03.tif,16693,89.60279119699409,15402,82.6731078904992,0.6980280876159668,0.7213815450668335,12293,79.81430982989222,2018,3,2018-03-01,False,False,False,False,False,False,True,
landsat_monthly_2018_04.tif,16169,86.79012345679013,14845,79.68330649490069,0.7378326058387756,0.780129075050354,12877,86.74301111485349,2018,4,2018-04-01,False,False,False,False,False,False,True,
landsat_monthly_2018_05.tif,13829,74.22973698336017,10845,58.212560386473434,0.6475254893302917,0.669239342212677,6562,60.507146150299675,2018,5,2018-05-01,False,False,False,False,False,False,True,
landsat_monthly_2018_06.tif,9510,51.04669887278583,5796,31.11111111111111,0.6503633856773376,0.6761428117752075,4687,80.86611456176674,2018,6,2018-06-01,False,False,False,False,False,False,True,
landsat_monthly_2018_07.tif,4626,24.830917874396135,2330,12.506709608158884,0.5007253885269165,0.4936344623565674,1395,59.871244635193136,2018,7,2018-07-01,False,False,False,False,False,False,True,
landsat_monthly_2018_08.tif,13201,70.8588298443371,9360,50.24154589371981,0.4950624108314514,0.48583200573921204,4153,44.36965811965812,2018,8,2018-08-01,False,False,False,False,False,False,True,
landsat_monthly_2018_09.tif,17475,93.80032206119162,17475,93.80032206119162,0.42137888073921204,0.40532994270324707,3963,22.678111587982833,2018,9,2018-09-01,False,False,False,False,False,False,True,
landsat_monthly_2018_10.tif,14168,76.04938271604938,10573,56.75254965110037,0.3361015021800995,0.3168230652809143,2716,25.688073394495415,2018,10,2018-10-01,False,False,False,False,False,False,True,
landsat_monthly_2018_11.tif,12636,67.82608695652173,8940,47.987117552334944,0.33431801199913025,0.30710312724113464,685,7.662192393736018,2018,11,2018-11-01,False,False,False,False,False,False,True,
landsat_monthly_2018_12.tif,17272,92.71068169618894,16482,88.47020933977456,0.7079766392707825,0.7351700067520142,12161,73.78352141730372,2018,12,2018-12-01,False,False,False,False,False,False,True,
landsat_monthly_2019_01.tif,10694,57.4020397208803,7159,38.4272678475577,0.7082850933074951,0.7411642074584961,5449,76.1139823997765,2019,1,2019-01-01,False,False,False,False,False,False,True,
landsat_monthly_2019_02.tif,16017,85.97423510466989,13672,73.3870101986044,0.513421893119812,0.5059812068939209,3593,26.27998829724985,2019,2,2019-02-01,False,False,False,False,False,False,True,
landsat_monthly_2019_03.tif,15595,83.70907139023082,13488,72.39935587761674,0.6033935546875,0.6297154426574707,8694,64.45729537366547,2019,3,2019-03-01,False,False,False,False,False,False,True,
landsat_monthly_2019_04.tif,15337,82.32420826623725,12999,69.77455716586152,0.6732848882675171,0.706074059009552,8259,63.53565658896838,2019,4,2019-04-01,False,False,False,False,False,False,True,
landsat_monthly_2019_05.tif,17860,95.86688137412776,17569,94.30488459473966,0.6468144059181213,0.663388192653656,11666,66.40104729922022,2019,5,2019-05-01,False,False,False,False,False,False,True,
landsat_monthly_2019_06.tif,14972,80.36500268384327,11936,64.06870638754697,0.6048869490623474,0.6205242872238159,7644,64.04155495978551,2019,6,2019-06-01,False,False,False,False,False,False,True,
landsat_monthly_2019_07.tif,17020,91.35802469135803,16125,86.55394524959742,0.6055249571800232,0.6275920867919922,8918,55.30542635658915,2019,7,2019-07-01,False,False,False,False,False,False,True,
landsat_monthly_2019_08.tif,12822,68.82447665056361,9769,52.4369296833065,0.5764198899269104,0.5866466760635376,6157,63.025898249564946,2019,8,2019-08-01,False,False,False,False,False,False,True,
landsat_monthly_2019_09.tif,8936,47.965646806226516,6148,33.00053676865271,0.5297229886054993,0.5285559296607971,4053,65.92387768379962,2019,9,2019-09-01,False,False,False,False,False,False,True,
landsat_monthly_2019_10.tif,9450,50.72463768115942,5667,30.41867954911433,0.43167173862457275,0.4087056517601013,3316,58.51420504676196,2019,10,2019-10-01,False,False,False,False,False,False,True,
landsat_monthly_2019_11.tif,18630,100.0,18630,100.0,0.41226455569267273,0.40548551082611084,3462,18.582930756843798,2019,11,2019-11-01,False,False,False,False,False,False,True,
landsat_monthly_2019_12.tif,18630,100.0,18630,100.0,0.523005485534668,0.5319117903709412,6454,34.64304884594739,2019,12,2019-12-01,False,False,False,False,False,False,True,
landsat_monthly_2020_01.tif,14560,78.15351583467526,12637,67.83145464304884,0.7209742069244385,0.7542487978935242,11738,92.88596977130648,2020,1,2020-01-01,False,False,False,False,False,False,True,
landsat_monthly_2020_02.tif,16798,90.16639828234031,15634,83.91841116478798,0.7434815168380737,0.7875805497169495,12956,82.87066649609824,2020,2,2020-02-01,False,False,False,False,False,False,True,
landsat_monthly_2020_04.tif,18630,100.0,18630,100.0,0.7768957614898682,0.8081476092338562,16006,85.9151905528717,2020,4,2020-04-01,False,False,False,False,False,False,True,
landsat_monthly_2020_05.tif,15235,81.77670424047236,12868,69.07139023081052,0.7617653608322144,0.7958401441574097,11974,93.0525334162263,2020,5,2020-05-01,False,False,False,False,False,False,True,
landsat_monthly_2020_06.tif,18554,99.59205582393989,18554,99.59205582393989,0.7596912980079651,0.7877303957939148,17002,91.63522690524954,2020,6,2020-06-01,False,False,False,False,False,False,True,
landsat_monthly_2020_07.tif,7168,38.475577026301664,3292,17.67042404723564,0.7187760472297668,0.7357158660888672,2139,64.97569866342648,2020,7,2020-07-01,False,False,False,False,False,False,True,
landsat_monthly_2020_08.tif,11913,63.94524959742351,8139,43.687600644122384,0.7033255696296692,0.7252316474914551,6729,82.6760044231478,2020,8,2020-08-01,False,False,False,False,False,False,True,
landsat_monthly_2020_09.tif,10794,57.93880837359098,7586,40.71926999463231,0.6254810094833374,0.6399513483047485,5256,69.28552596889006,2020,9,2020-09-01,False,False,False,False,False,False,True,
landsat_monthly_2020_10.tif,18055,96.91358024691358,18055,96.91358024691358,0.5069506764411926,0.4976672828197479,3144,17.41345887565771,2020,10,2020-10-01,False,False,False,False,False,False,True,
landsat_monthly_2020_12.tif,8655,46.4573268921095,5170,27.750939345142246,0.7435294985771179,0.7669747471809387,3798,73.46228239845261,2020,12,2020-12-01,False,False,False,False,False,False,True,
landsat_monthly_2021_01.tif,14527,77.97638217928073,12914,69.31830381105743,0.6760534644126892,0.7024701833724976,10191,78.91435651231222,2021,1,2021-01-01,False,False,False,False,False,False,True,
landsat_monthly_2021_02.tif,8023,43.06494900697799,3855,20.69243156199678,0.6977360844612122,0.716876745223999,2857,74.11154345006486,2021,2,2021-02-01,False,False,False,False,False,False,True,
landsat_monthly_2021_03.tif,18627,99.98389694041869,18627,99.98389694041869,0.7043471932411194,0.7267594933509827,12115,65.03999570515919,2021,3,2021-03-01,False,False,False,False,False,False,True,
landsat_monthly_2021_04.tif,18571,99.6833064949007,18571,99.6833064949007,0.7534904479980469,0.7874468564987183,15910,85.67120779710301,2021,4,2021-04-01,False,False,False,False,False,False,True,
landsat_monthly_2021_05.tif,18331,98.39506172839506,18239,97.90123456790123,0.6511034369468689,0.6650482416152954,13032,71.4512857064532,2021,5,2021-05-01,False,False,False,False,False,False,True,
landsat_monthly_2021_06.tif,13041,70.0,11167,59.94095544820183,0.6674231290817261,0.6872251033782959,8298,74.30822960508642,2021,6,2021-06-01,False,False,False,False,False,False,True,
landsat_monthly_2021_07.tif,18630,100.0,18630,100.0,0.5745245814323425,0.5816212892532349,6246,33.52657004830918,2021,7,2021-07-01,False,False,False,False,False,False,True,
landsat_monthly_2021_08.tif,3648,19.581320450885666,2194,11.776704240472355,0.522838830947876,0.513991117477417,367,16.72743846855059,2021,8,2021-08-01,False,False,False,False,False,False,True,
landsat_monthly_2021_09.tif,18630,100.0,18630,100.0,0.4696023166179657,0.4553474187850952,3718,19.957058507783145,2021,9,2021-09-01,False,False,False,False,False,False,True,
landsat_monthly_2021_10.tif,18630,100.0,18630,100.0,0.43944206833839417,0.4272969961166382,3302,17.72410091250671,2021,10,2021-10-01,False,False,False,False,False,False,True,
landsat_monthly_2021_11.tif,11763,63.14009661835749,9746,52.31347289318303,0.7902934551239014,0.8294079303741455,8653,88.78514262261442,2021,11,2021-11-01,False,False,False,False,False,False,True,
landsat_monthly_2021_12.tif,8499,45.61996779388084,7558,40.56897477187332,0.808908224105835,0.8429832458496094,7074,93.59618946811325,2021,12,2021-12-01,False,False,False,False,False,False,True,
landsat_monthly_2022_01.tif,5015,26.918947933440684,3155,16.935050993022006,0.8087629079818726,0.843475341796875,2517,79.77812995245642,2022,1,2022-01-01,False,False,False,False,False,False,True,
landsat_monthly_2022_02.tif,16498,88.55609232420827,14580,78.26086956521739,0.797450065612793,0.8257479667663574,13210,90.60356652949245,2022,2,2022-02-01,False,False,False,False,False,False,True,
landsat_monthly_2022_03.tif,13374,71.78743961352657,10630,57.058507783145465,0.7646341919898987,0.7869366407394409,7937,74.66603951081844,2022,3,2022-03-01,False,False,False,False,False,False,True,
landsat_monthly_2022_04.tif,18630,100.0,18630,100.0,0.7520456910133362,0.7889730334281921,15046,80.76221148684917,2022,4,2022-04-01,False,False,False,False,False,False,True,
landsat_monthly_2022_05.tif,18473,99.15727321524423,18473,99.15727321524423,0.7740229368209839,0.7914838194847107,16543,89.55231960158069,2022,5,2022-05-01,False,False,False,False,False,False,True,
landsat_monthly_2022_06.tif,15717,84.36392914653784,14237,76.41975308641975,0.764155387878418,0.7946013808250427,12805,89.94170120109574,2022,6,2022-06-01,False,False,False,False,False,False,True,
landsat_monthly_2022_07.tif,16173,86.81159420289855,15542,83.42458400429415,0.7413933873176575,0.7610724568367004,10496,67.53313601853044,2022,7,2022-07-01,False,False,False,False,False,False,True,
landsat_monthly_2022_08.tif,18630,100.0,18630,100.0,0.7284541726112366,0.7560293674468994,12214,65.56092324208265,2022,8,2022-08-01,False,False,False,False,False,False,True,
landsat_monthly_2022_09.tif,18630,100.0,18630,100.0,0.6625635027885437,0.6786561608314514,10614,56.972624798711756,2022,9,2022-09-01,False,False,False,False,False,False,True,
landsat_monthly_2022_10.tif,15142,81.27750939345142,13582,72.9039184111648,0.651530385017395,0.6676093339920044,9605,70.71859814460315,2022,10,2022-10-01,False,False,False,False,False,False,True,
landsat_monthly_2022_12.tif,9509,51.041331186258724,7314,39.25925925925926,0.7961905598640442,0.8143666982650757,4297,58.750341810226956,2022,12,2022-12-01,False,False,False,False,False,False,True,
landsat_monthly_2023_01.tif,10981,58.94256575415996,6845,36.741814278046164,0.7896732091903687,0.8165253400802612,5482,80.08765522279036,2023,1,2023-01-01,False,False,False,False,False,False,True,
landsat_monthly_2023_02.tif,14725,79.03918411164787,13447,72.17928073000537,0.808954119682312,0.8399040102958679,12519,93.0988324533353,2023,2,2023-02-01,False,False,False,False,False,False,True,
landsat_monthly_2023_03.tif,17231,92.49060654857756,16829,90.33279656468062,0.7775099277496338,0.81268709897995,14720,87.46806108503179,2023,3,2023-03-01,False,False,False,False,False,False,True,
landsat_monthly_2023_04.tif,17866,95.8990874932904,17700,95.00805152979066,0.7686544060707092,0.819918692111969,15739,88.92090395480226,2023,4,2023-04-01,False,False,False,False,False,False,True,
landsat_monthly_2023_05.tif,10532,56.53247450348899,8894,47.74020397208803,0.7770830988883972,0.8131894469261169,6777,76.19743647402744,2023,5,2023-05-01,False,False,False,False,False,False,True,
landsat_monthly_2023_06.tif,18416,98.85131508319914,18416,98.85131508319914,0.7634138464927673,0.7965517044067383,13239,71.8885751520417,2023,6,2023-06-01,False,False,False,False,False,False,True,
landsat_monthly_2023_07.tif,18630,100.0,18630,100.0,0.700973391532898,0.7322902679443359,12614,67.70799785292539,2023,7,2023-07-01,False,False,False,False,False,False,True,
landsat_monthly_2023_08.tif,18580,99.73161567364465,18580,99.73161567364465,0.6540957689285278,0.6659736037254333,10819,58.22927879440258,2023,8,2023-08-01,False,False,False,False,False,False,True,
landsat_monthly_2023_09.tif,11333,60.83199141170156,9925,53.27428878153516,0.6414533257484436,0.6514840722084045,7260,73.1486146095718,2023,9,2023-09-01,False,False,False,False,False,False,True,
landsat_monthly_2023_10.tif,18314,98.30381105743425,18145,97.39667203435319,0.5145992636680603,0.5089249610900879,9078,50.0303113805456,2023,10,2023-10-01,False,False,False,False,False,False,True,
landsat_monthly_2023_11.tif,18630,100.0,18630,100.0,0.48484644293785095,0.4786662459373474,5702,30.60654857756307,2023,11,2023-11-01,False,False,False,False,False,False,True,
landsat_monthly_2023_12.tif,5018,26.93505099302201,3618,19.420289855072465,0.43909329175949097,0.423939049243927,746,20.619126589275844,2023,12,2023-12-01,False,False,False,False,False,False,True,
landsat_monthly_2024_01.tif,14818,79.53837895866882,12878,69.1250670960816,0.6797730922698975,0.7193032503128052,9791,76.02888647305483,2024,1,2024-01-01,False,False,False,False,False,False,True,
landsat_monthly_2024_02.tif,12981,69.6779388083736,11298,60.64412238325282,0.7994397282600403,0.8418254256248474,10679,94.5211541865817,2024,2,2024-02-01,False,False,False,False,False,False,True,
landsat_monthly_2024_03.tif,18630,100.0,18630,100.0,0.7968803644180298,0.8381495475769043,16518,88.66344605475041,2024,3,2024-03-01,False,False,False,False,False,False,True,
landsat_monthly_2024_04.tif,11779,63.22597960279119,9715,52.14707461084272,0.7643070816993713,0.7845700979232788,6913,71.15800308800824,2024,4,2024-04-01,False,False,False,False,False,False,True,
landsat_monthly_2024_05.tif,18630,100.0,18630,100.0,0.8256451487541199,0.8535387516021729,17190,92.27053140096618,2024,5,2024-05-01,False,False,False,False,False,False,True,
landsat_monthly_2024_06.tif,18628,99.98926462694578,18628,99.98926462694578,0.8035853505134583,0.827295184135437,14532,78.01159544771312,2024,6,2024-06-01,False,False,False,False,False,False,True,
landsat_monthly_2024_07.tif,17358,93.17230273752013,16640,89.31830381105743,0.7985826134681702,0.8245912790298462,14631,87.9266826923077,2024,7,2024-07-01,False,False,False,False,False,False,True,
landsat_monthly_2024_08.tif,16886,90.63875469672571,15911,85.40526033279656,0.7172678709030151,0.7330220341682434,10195,64.07516812268243,2024,8,2024-08-01,False,False,False,False,False,False,True,
landsat_monthly_2024_09.tif,17348,93.11862587224905,16449,88.29307568438003,0.626568078994751,0.6234451532363892,9109,55.37722657912335,2024,9,2024-09-01,False,False,False,False,False,False,True,
landsat_monthly_2024_10.tif,14104,75.70585077831454,12829,68.86205045625336,0.5988578200340271,0.5969856977462769,5991,46.698885337906304,2024,10,2024-10-01,False,False,False,False,False,False,True,
landsat_monthly_2024_11.tif,9190,49.32903918411165,7773,41.72302737520129,0.6138712167739868,0.6275566816329956,4504,57.94416570178824,2024,11,2024-11-01,False,False,False,False,False,False,True,
landsat_monthly_2024_12.tif,3009,16.151368760064415,1932,10.37037037037037,0.7224685549736023,0.7500911951065063,1224,63.35403726708074,2024,12,2024-12-01,False,False,False,False,False,False,True,
landsat_monthly_2025_01.tif,3432,18.421900161030596,3052,16.382179280730007,0.8004220724105835,0.8319146037101746,3052,100.0,2025,1,2025-01-01,False,False,False,False,False,False,True,
landsat_monthly_2025_03.tif,16150,86.68813741277509,14884,79.89264626945787,0.722728967666626,0.7501922845840454,11410,76.65950013437248,2025,3,2025-03-01,False,False,False,False,False,False,True,
landsat_monthly_2025_04.tif,16025,86.01717659688674,14050,75.41599570585078,0.7599816918373108,0.79374098777771,12578,89.52313167259787,2025,4,2025-04-01,False,False,False,False,False,False,True,
landsat_monthly_2025_06.tif,18630,100.0,18630,100.0,0.7414827942848206,0.7637617588043213,12678,68.05152979066023,2025,6,2025-06-01,False,False,False,False,False,False,True,
landsat_monthly_2025_07.tif,12463,66.89747718733226,10019,53.7788513150832,0.6548377871513367,0.675723135471344,6010,59.986026549555845,2025,7,2025-07-01,False,False,False,False,False,False,True,
landsat_monthly_2025_08.tif,12945,69.48470209339774,10866,58.32528180354267,0.5706469416618347,0.5795205235481262,6362,58.549604270200625,2025,8,2025-08-01,False,False,False,False,False,False,True,
landsat_monthly_2025_09.tif,18629,99.99463231347289,18629,99.99463231347289,0.49252650141716003,0.4827443063259125,6502,34.90257125986365,2025,9,2025-09-01,False,False,False,False,False,False,True,
landsat_monthly_2025_10.tif,14070,75.52334943639292,11956,64.17606011808911,0.49448296427726746,0.4876441955566406,7266,60.7728337236534,2025,10,2025-10-01,False,False,False,False,False,False,True,
landsat_monthly_2026_01.tif,4345,23.322597960279122,2617,14.04723564143854,0.782223641872406,0.8124485611915588,2617,100.0,2026,1,2026-01-01,False,False,False,False,False,False,True,
landsat_monthly_2026_02.tif,10045,53.91841116478797,6226,33.419216317767045,0.6638745069503784,0.6766401529312134,3058,49.11660777385159,2026,2,2026-02-01,False,False,False,False,False,False,True,
landsat_monthly_2026_04.tif,7987,42.871712292002144,4539,24.363929146537842,0.7941276431083679,0.8368565440177917,4539,100.0,2026,4,2026-04-01,False,False,False,False,False,False,True,
landsat_monthly_2026_05.tif,17267,92.68384326355341,16255,87.25174449812131,0.7826759219169617,0.8098320364952087,13570,83.48200553675792,2026,5,2026-05-01,False,False,False,False,False,False,True,
